{"gradients/l3.bias": {"_type": "histogram", "values": [0.0, 0.0, 0.0, 0.0, 0.0, 0.0, 0.0, 0.0, 0.0, 0.0, 0.0, 0.0, 0.0, 0.0, 0.0, 0.0, 0.0, 0.0, 0.0, 0.0, 0.0, 0.0, 0.0, 0.0, 0.0, 0.0, 0.0, 0.0, 0.0, 0.0, 0.0, 0.0, 1.0, 0.0, 0.0, 0.0, 0.0, 0.0, 0.0, 0.0, 0.0, 0.0, 0.0, 0.0, 0.0, 0.0, 0.0, 0.0, 0.0, 0.0, 0.0, 0.0, 0.0, 0.0, 0.0, 0.0, 0.0, 0.0, 0.0, 0.0, 0.0, 0.0, 0.0, 0.0], "bins": [0.1483318954706192, 0.1483318954706192, 0.1483318954706192, 0.1483318954706192, 0.1483318954706192, 0.1483318954706192, 0.1483318954706192, 0.1483318954706192, 0.1483318954706192, 0.1483318954706192, 0.1483318954706192, 0.1483318954706192, 0.1483318954706192, 0.1483318954706192, 0.1483318954706192, 0.1483318954706192, 0.1483318954706192, 0.1483318954706192, 0.1483318954706192, 0.1483318954706192, 0.1483318954706192, 0.1483318954706192, 0.1483318954706192, 0.1483318954706192, 0.1483318954706192, 0.1483318954706192, 0.1483318954706192, 0.1483318954706192, 0.1483318954706192, 0.1483318954706192, 0.1483318954706192, 0.1483318954706192, 0.1483318954706192, 0.1483318954706192, 0.1483318954706192, 0.1483318954706192, 0.1483318954706192, 0.1483318954706192, 0.1483318954706192, 0.1483318954706192, 0.1483318954706192, 0.1483318954706192, 0.1483318954706192, 0.1483318954706192, 0.1483318954706192, 0.1483318954706192, 0.1483318954706192, 0.1483318954706192, 0.1483318954706192, 0.1483318954706192, 0.1483318954706192, 0.1483318954706192, 0.1483318954706192, 0.1483318954706192, 0.1483318954706192, 0.1483318954706192, 0.1483318954706192, 0.1483318954706192, 0.1483318954706192, 0.1483318954706192, 0.1483318954706192, 0.1483318954706192, 0.1483318954706192, 0.1483318954706192, 0.1483318954706192]}, "_timestamp": 1652845796, "_runtime": 126, "gradients/l3.weight": {"_type": "histogram", "values": [2.0, 0.0, 0.0, 0.0, 1.0, 0.0, 1.0, 1.0, 3.0, 3.0, 2.0, 5.0, 6.0, 10.0, 18.0, 317.0, 17.0, 15.0, 10.0, 7.0, 9.0, 8.0, 7.0, 6.0, 3.0, 3.0, 3.0, 6.0, 5.0, 3.0, 3.0, 4.0, 4.0, 5.0, 2.0, 2.0, 1.0, 0.0, 0.0, 0.0, 4.0, 0.0, 2.0, 2.0, 0.0, 0.0, 0.0, 2.0, 0.0, 0.0, 0.0, 1.0, 2.0, 2.0, 1.0, 2.0, 0.0, 0.0, 0.0, 0.0, 1.0, 0.0, 0.0, 1.0], "bins": [-0.012394901365041733, -0.011602724902331829, -0.010810548439621925, -0.010018371045589447, -0.009226194582879543, -0.00843401812016964, -0.007641841657459736, -0.006849664729088545, -0.006057488266378641, -0.005265311803668737, -0.004473134875297546, -0.0036809584125876427, -0.0028887817170470953, -0.002096605021506548, -0.0013044285587966442, -0.0005122516304254532, 0.00027992483228445053, 0.001072101527824998, 0.0018642781069502234, 0.002656454686075449, 0.0034486313816159964, 0.004240808077156544, 0.0050329845398664474, 0.0058251614682376385, 0.006617337930947542, 0.007409514393657446, 0.008201691322028637, 0.00899386778473854, 0.009786044247448444, 0.010578220710158348, 0.011370398104190826, 0.01216257456690073, 0.012954751029610634, 0.013746927492320538, 0.014539103955030441, 0.01533128134906292, 0.01612345688045025, 0.016915634274482727, 0.017707809805870056, 0.018499987199902534, 0.019292164593935013, 0.02008434198796749, 0.02087651751935482, 0.0216686949133873, 0.022460870444774628, 0.023253047838807106, 0.024045225232839584, 0.024837400764226913, 0.025629576295614243, 0.02642175368964672, 0.02721392922103405, 0.02800610661506653, 0.028798282146453857, 0.029590459540486336, 0.030382636934518814, 0.031174812465906143, 0.03196699172258377, 0.0327591672539711, 0.03355134651064873, 0.034343522042036057, 0.035135697573423386, 0.03592787683010101, 0.03672005236148834, 0.03751222789287567, 0.038304403424263]}, "gradients/l2.bias": {"_type": "histogram", "values": [1.0, 0.0, 0.0, 0.0, 0.0, 0.0, 0.0, 0.0, 0.0, 1.0, 0.0, 2.0, 2.0, 2.0, 1.0, 2.0, 5.0, 2.0, 5.0, 4.0, 5.0, 7.0, 5.0, 10.0, 7.0, 14.0, 8.0, 320.0, 16.0, 13.0, 14.0, 13.0, 8.0, 7.0, 7.0, 4.0, 4.0, 4.0, 4.0, 1.0, 5.0, 2.0, 4.0, 0.0, 2.0, 0.0, 0.0, 0.0, 0.0, 0.0, 0.0, 0.0, 0.0, 0.0, 0.0, 0.0, 0.0, 0.0, 0.0, 0.0, 0.0, 0.0, 0.0, 1.0], "bins": [-0.045750293880701065, -0.04408681392669678, -0.04242333024740219, -0.040759846568107605, -0.03909636661410332, -0.03743288666009903, -0.03576940298080444, -0.03410591930150986, -0.03244243934750557, -0.030778957530856133, -0.029115475714206696, -0.02745199389755726, -0.02578851208090782, -0.024125030264258385, -0.022461548447608948, -0.02079806663095951, -0.019134584814310074, -0.017471102997660637, -0.0158076211810112, -0.014144139364361763, -0.012480657547712326, -0.010817175731062889, -0.009153693914413452, -0.007490212097764015, -0.005826730281114578, -0.004163248464465141, -0.0024997666478157043, -0.0008362848311662674, 0.0008271969854831696, 0.0024906788021326065, 0.0041541606187820435, 0.00581764243543148, 0.007481127977371216, 0.009144609794020653, 0.01080809161067009, 0.012471573427319527, 0.014135055243968964, 0.0157985370606184, 0.017462018877267838, 0.019125500693917274, 0.02078898251056671, 0.02245246432721615, 0.024115946143865585, 0.025779427960515022, 0.02744290977716446, 0.029106391593813896, 0.030769873410463333, 0.03243335336446762, 0.03409683704376221, 0.03576032072305679, 0.03742380067706108, 0.03908728063106537, 0.040750764310359955, 0.04241424798965454, 0.04407772794365883, 0.045741207897663116, 0.0474046915769577, 0.04906817525625229, 0.05073165521025658, 0.052395135164260864, 0.05405861884355545, 0.05572210252285004, 0.057385582476854324, 0.05904906243085861, 0.0607125461101532]}, "gradients/l2.weight": {"_type": "histogram", "values": [1.0, 1.0, 1.0, 0.0, 1.0, 0.0, 1.0, 1.0, 1.0, 4.0, 4.0, 4.0, 5.0, 8.0, 10.0, 8.0, 20.0, 23.0, 22.0, 44.0, 57.0, 84.0, 109.0, 143.0, 193.0, 314.0, 459.0, 861.0, 256120.0, 1581.0, 657.0, 438.0, 276.0, 174.0, 128.0, 92.0, 63.0, 52.0, 41.0, 27.0, 16.0, 21.0, 14.0, 7.0, 9.0, 8.0, 5.0, 6.0, 7.0, 5.0, 1.0, 2.0, 5.0, 3.0, 2.0, 1.0, 0.0, 1.0, 1.0, 1.0, 0.0, 0.0, 0.0, 1.0], "bins": [-0.028195863589644432, -0.02721201255917549, -0.0262281596660614, -0.02524430863559246, -0.02426045760512352, -0.02327660471200943, -0.02229275368154049, -0.02130890265107155, -0.02032504975795746, -0.019341198727488518, -0.018357345834374428, -0.017373494803905487, -0.016389643773436546, -0.015405791811645031, -0.014421939849853516, -0.013438088819384575, -0.012454237788915634, -0.011470385827124119, -0.010486534796655178, -0.009502682834863663, -0.008518831804394722, -0.007534979842603207, -0.006551127880811691, -0.005567276384681463, -0.004583424888551235, -0.003599573392421007, -0.0026157216634601355, -0.0016318699344992638, -0.0006480184383690357, 0.0003358330577611923, 0.0013196850195527077, 0.0023035365156829357, 0.003287389874458313, 0.004271241370588541, 0.005255092866718769, 0.006238944828510284, 0.0072227963246405125, 0.00820664782077074, 0.009190499782562256, 0.010174350813031197, 0.011158202774822712, 0.012142054736614227, 0.013125905767083168, 0.014109757728874683, 0.015093609690666199, 0.01607746072113514, 0.01706131175160408, 0.01804516464471817, 0.01902901567518711, 0.02001286670565605, 0.02099671959877014, 0.021980570629239082, 0.022964421659708023, 0.023948274552822113, 0.024932125583291054, 0.025915976613759995, 0.026899829506874084, 0.027883680537343025, 0.028867533430457115, 0.029851384460926056, 0.030835235491394997, 0.03181908652186394, 0.03280293941497803, 0.03378679230809212, 0.03477064147591591]}, "gradients/l1.bias": {"_type": "histogram", "values": [1.0, 0.0, 0.0, 0.0, 0.0, 0.0, 0.0, 0.0, 0.0, 0.0, 0.0, 0.0, 0.0, 0.0, 0.0, 0.0, 3.0, 1.0, 1.0, 0.0, 1.0, 1.0, 0.0, 1.0, 1.0, 1.0, 1.0, 2.0, 2.0, 2.0, 4.0, 3.0, 6.0, 7.0, 423.0, 6.0, 7.0, 4.0, 7.0, 2.0, 2.0, 3.0, 2.0, 3.0, 2.0, 0.0, 3.0, 0.0, 4.0, 1.0, 0.0, 2.0, 0.0, 1.0, 1.0, 0.0, 0.0, 0.0, 0.0, 0.0, 0.0, 0.0, 0.0, 1.0],