{"gradients/l3.bias": {"_type": "histogram", "values": [1.0, 0.0, 0.0, 0.0, 0.0, 0.0, 0.0, 0.0, 0.0, 0.0, 0.0, 0.0, 0.0, 0.0, 0.0, 0.0, 0.0, 0.0, 0.0, 0.0, 0.0, 0.0, 0.0, 0.0, 0.0, 0.0, 0.0, 0.0, 0.0, 0.0, 0.0, 0.0, 0.0, 0.0, 0.0, 0.0, 0.0, 0.0, 0.0, 0.0, 0.0, 0.0, 0.0, 0.0, 0.0, 0.0, 0.0, 0.0, 0.0, 0.0, 0.0, 0.0, 0.0, 0.0, 0.0, 0.0, 0.0, 0.0, 0.0, 0.0, 0.0, 0.0, 0.0, 1.0], "bins": [-0.022412138059735298, -0.02171175926923752, -0.02101137861609459, -0.02031099982559681, -0.01961061917245388, -0.0189102403819561, -0.01820985972881317, -0.01750948093831539, -0.01680910214781761, -0.016108723357319832, -0.015408342704176903, -0.014707963913679123, -0.014007583260536194, -0.013307204470038414, -0.01260682474821806, -0.011906445026397705, -0.011206064373254776, -0.010505684651434422, -0.009805304929614067, -0.009104926139116287, -0.008404545485973358, -0.007704166229814291, -0.007003786973655224, -0.006303407251834869, -0.005603027530014515, -0.0049026478081941605, -0.004202268086373806, -0.003501888830214739, -0.0028015091083943844, -0.00210112938657403, -0.0014007501304149628, -0.0007003704085946083, 1.1175870895385742e-08, 0.000700390781275928, 0.0014007703866809607, 0.0021011498756706715, 0.002801529597491026, 0.0035019093193113804, 0.0042022885754704475, 0.004902668297290802, 0.0056030480191111565, 0.006303427740931511, 0.007003807462751865, 0.0077041867189109325, 0.00840456597507, 0.009104946628212929, 0.009805325418710709, 0.010505705140531063, 0.011206084862351418, 0.011906464584171772, 0.012606844305992126, 0.013307223096489906, 0.014007603749632835, 0.014707982540130615, 0.01540836226195097, 0.016108741983771324, 0.016809120774269104, 0.017509499564766884, 0.018209880217909813, 0.018910259008407593, 0.019610639661550522, 0.0203110184520483, 0.02101139724254608, 0.02171177789568901, 0.02241215854883194]}, "_timestamp": 1652851110, "_runtime": 101, "gradients/l3.weight": {"_type": "histogram", "values": [1.0, 0.0, 0.0, 0.0, 0.0, 0.0, 0.0, 1.0, 0.0, 0.0, 0.0, 0.0, 0.0, 1.0, 2.0, 2.0, 1.0, 0.0, 1.0, 1.0, 4.0, 3.0, 2.0, 2.0, 9.0, 2.0, 5.0, 8.0, 8.0, 9.0, 18.0, 224.0, 128.0, 18.0, 9.0, 8.0, 8.0, 5.0, 2.0, 9.0, 2.0, 2.0, 3.0, 4.0, 1.0, 1.0, 0.0, 1.0, 2.0, 2.0, 1.0, 0.0, 0.0, 0.0, 0.0, 0.0, 1.0, 0.0, 0.0, 0.0, 0.0, 0.0, 0.0, 1.0], "bins": [-0.020528076216578484, -0.019886573776602745, -0.019245071336627007, -0.018603568896651268, -0.01796206645667553, -0.01732056401669979, -0.016679061576724052, -0.016037559136748314, -0.015396056696772575, -0.014754554256796837, -0.014113051816821098, -0.01347154937684536, -0.012830046936869621, -0.012188544496893883, -0.011547042056918144, -0.010905539616942406, -0.010264036245644093, -0.009622533805668354, -0.008981031365692616, -0.008339528925716877, -0.0076980264857411385, -0.0070565240457654, -0.006415021140128374, -0.005773518700152636, -0.005132016260176897, -0.0044905138202011585, -0.00384901138022542, -0.003207508707419038, -0.0025660062674432993, -0.0019245038274675608, -0.0012830011546611786, -0.0006414987146854401, 3.725290298461914e-09, 0.0006415062234736979, 0.0012830087216570973, 0.0019245112780481577, 0.0025660137180238962, 0.0032075161579996347, 0.003849018830806017, 0.0044905212707817554, 0.005132023710757494, 0.0057735261507332325, 0.006415028590708971, 0.007056531496345997, 0.007698033936321735, 0.008339536376297474, 0.008981038816273212, 0.009622541256248951, 0.01026404369622469, 0.010905546136200428, 0.011547048576176167, 0.012188551016151905, 0.012830053456127644, 0.013471555896103382, 0.014113059267401695, 0.014754561707377434, 0.015396064147353172, 0.01603756658732891, 0.01667906902730465, 0.017320571467280388, 0.017962073907256126, 0.018603576347231865, 0.019245078787207603, 0.019886581227183342, 0.02052808366715908]}, "gradients/l2.bias": {"_type": "histogram", "values": [1.0, 0.0, 0.0, 0.0, 0.0, 0.0, 2.0, 0.0, 1.0, 1.0, 0.0, 0.0, 0.0, 0.0, 0.0, 0.0, 1.0, 0.0, 0.0, 2.0, 2.0, 0.0, 0.0, 7.0, 2.0, 0.0, 2.0, 1.0, 1.0, 1.0, 8.0, 24.0, 106.0, 29.0, 20.0, 7.0, 1.0, 3.0, 4.0, 4.0, 1.0, 2.0, 1.0, 4.0, 3.0, 0.0, 0.0, 3.0, 1.0, 1.0, 1.0, 2.0, 0.0, 0.0, 2.0, 0.0, 0.0, 2.0, 2.0, 0.0, 0.0, 0.0, 0.0, 1.0], "bins": [-0.053944181650877, -0.05229799821972847, -0.05065181106328964, -0.04900562763214111, -0.047359440475702286, -0.04571325704455376, -0.04406706988811493, -0.0424208864569664, -0.04077470302581787, -0.03912851959466934, -0.037482332438230515, -0.035836149007081985, -0.03418996185064316, -0.03254377841949463, -0.03089759312570095, -0.029251407831907272, -0.027605222538113594, -0.025959037244319916, -0.024312851950526237, -0.02266666665673256, -0.02102048322558403, -0.019374297931790352, -0.017728112637996674, -0.016081929206848145, -0.014435742981731892, -0.012789557687938213, -0.01114337332546711, -0.009497188031673431, -0.007851002737879753, -0.0062048183754086494, -0.004558633081614971, -0.0029124487191438675, -0.0012662634253501892, 0.0003799215191975236, 0.0020261064637452364, 0.003672291524708271, 0.005318476352840662, 0.006964661180973053, 0.008610846474766731, 0.010257030837237835, 0.011903216131031513, 0.013549401424825191, 0.015195585787296295, 0.016841771081089973, 0.01848795637488365, 0.02013413980603218, 0.02178032696247101, 0.023426510393619537, 0.025072695687413216, 0.026718880981206894, 0.028365066275000572, 0.03001125156879425, 0.03165743499994278, 0.03330361843109131, 0.034949805587530136, 0.036595989018678665, 0.03824217617511749, 0.03988835960626602, 0.04153454676270485, 0.04318073019385338, 0.044826917350292206, 0.046473100781440735, 0.048119284212589264, 0.04976547136902809, 0.05141165480017662]}, "gradients/l2.weight": {"_type": "histogram", "values": [1.0, 0.0, 0.0, 1.0, 1.0, 0.0, 2.0, 3.0, 3.0, 1.0, 2.0, 2.0, 6.0, 5.0, 7.0, 7.0, 7.0, 8.0, 15.0, 16.0, 18.0, 31.0, 28.0, 30.0, 42.0, 43.0, 64.0, 82.0, 118.0, 184.0, 527.0, 62394.0, 674.0, 331.0, 227.0, 123.0, 113.0, 93.0, 71.0, 57.0, 33.0, 34.0, 31.0, 16.0, 20.0, 13.0, 12.0, 11.0, 2.0, 9.0, 6.0, 1.0, 4.0, 0.0, 0.0, 4.0, 2.0, 0.0, 0.0, 0.0, 0.0, 0.0, 0.0, 1.0], "bins": [-0.04469960927963257, -0.043273549526929855, -0.04184748977422714, -0.04042142629623413, -0.03899536654353142, -0.037569306790828705, -0.03614324703812599, -0.03471718728542328, -0.03329112380743027, -0.031865064054727554, -0.030439002439379692, -0.02901294268667698, -0.027586881071329117, -0.026160821318626404, -0.02473476156592369, -0.023308701813220978, -0.021882642060518265, -0.020456582307815552, -0.01903052069246769, -0.017604460939764977, -0.016178399324417114, -0.014752339571714401, -0.013326279819011688, -0.0119002191349864, -0.010474158450961113, -0.009048097766935825, -0.007622037548571825, -0.006195977330207825, -0.004769916646182537, -0.0033438559621572495, -0.0019177962094545364, -0.0004917355254292488, 0.0009343251585960388, 0.002360385609790683, 0.0037864460609853268, 0.005212506279349327, 0.006638566963374615, 0.008064627647399902, 0.009490687400102615, 0.010916748084127903, 0.01234280876815319, 0.013768869452178478, 0.015194930136203766, 0.01662098988890648, 0.018047049641609192, 0.019473111256957054, 0.020899171009659767, 0.02232523262500763, 0.023751292377710342, 0.025177352130413055, 0.026603413745760918, 0.02802947349846363, 0.029455535113811493, 0.030881594866514206, 0.03230765461921692, 0.03373371437191963, 0.035159774124622345, 0.03658583387732506, 0.03801189363002777, 0.03943795710802078, 0.040864016860723495, 0.04229007661342621, 0.04371613636612892, 0.045142196118831635, 0.046568259596824646]}, "gradients/l1.bias": {"_type": "histogram", "values": [1.0, 0.0, 0.0, 0.0, 0.0, 1.0, 0.0, 0.0, 0.0, 0.0, 0.0, 0.0, 0.0, 0.0, 0.0, 0.0, 0.0, 0.0, 1.0, 0.0, 0.0, 1.0, 0.0, 1.0, 2.0, 3.0, 3.0, 4.0, 4.0, 10.0, 201.0, 6.0, 3.0, 1.0, 0.0, 4.0, 2.0, 1.0, 0.0, 0.0, 2.0, 0.0, 1.0, 0.0, 0.0, 1.0, 0.0, 0.0, 0.0, 1.0, 1.0, 0.0, 0.0, 0.0, 0.0, 0.0, 0.0, 0.0, 0.0, 0.0, 0.0, 0.0, 0.0, 1.0],