{"Accuracy": 0.015535290353000164, "Loss": 0.9942553043365479, "Val Accuracy": 1.2004014253616333, "Val Loss": 0.7247899174690247, "_timestamp": 1653008753, "_runtime": 72, "_step": 0, "_wandb": {"runtime": 72}}