{"Accuracy": 0.005069707985967398, "Loss": 0.9969174861907959, "Val Accuracy": 3.1410162448883057, "Val Loss": 0.6848739385604858, "_timestamp": 1652853311, "_runtime": 556, "_step": 0, "_wandb": {"runtime": 557}}