{"gradients/l3.bias": {"_type": "histogram", "values": [1.0, 0.0, 0.0, 0.0, 0.0, 0.0, 0.0, 0.0, 0.0, 0.0, 0.0, 0.0, 0.0, 0.0, 0.0, 0.0, 0.0, 0.0, 0.0, 0.0, 0.0, 0.0, 0.0, 0.0, 0.0, 0.0, 0.0, 0.0, 0.0, 0.0, 0.0, 0.0, 0.0, 0.0, 0.0, 0.0, 0.0, 0.0, 0.0, 0.0, 0.0, 0.0, 0.0, 0.0, 0.0, 0.0, 0.0, 0.0, 0.0, 0.0, 0.0, 0.0, 0.0, 0.0, 0.0, 0.0, 0.0, 0.0, 0.0, 0.0, 0.0, 0.0, 0.0, 1.0], "bins": [-0.03386087715625763, -0.03280272334814072, -0.0317445732653141, -0.03068641945719719, -0.029628267511725426, -0.028570115566253662, -0.02751196175813675, -0.026453809812664986, -0.025395657867193222, -0.02433750592172146, -0.023279353976249695, -0.022221200168132782, -0.02116304822266102, -0.020104896277189255, -0.019046742469072342, -0.01798859052360058, -0.016930438578128815, -0.01587228663265705, -0.014814133755862713, -0.013755980879068375, -0.012697828933596611, -0.011639676988124847, -0.01058152411133051, -0.009523371234536171, -0.008465219289064407, -0.007407066877931356, -0.0063489144667983055, -0.005290762055665255, -0.004232609644532204, -0.0031744572333991528, -0.002116304822266102, -0.001058152411133051, -3.725290298461914e-09, 0.0010581486858427525, 0.0021163010969758034, 0.0031744535081088543, 0.004232605919241905, 0.005290758330374956, 0.006348910741508007, 0.007407063152641058, 0.008465215563774109, 0.009523367509245872, 0.01058152038604021, 0.011639673262834549, 0.012697825208306313, 0.013755977153778076, 0.014814130030572414, 0.015872282907366753, 0.016930434852838516, 0.01798858679831028, 0.019046738743782043, 0.020104892551898956, 0.02116304449737072, 0.022221196442842484, 0.023279350250959396, 0.02433750219643116, 0.025395654141902924, 0.026453806087374687, 0.02751195803284645, 0.028570111840963364, 0.029628263786435127, 0.03068641573190689, 0.031744569540023804, 0.03280271962285042, 0.03386087343096733]}, "_timestamp": 1652850093, "_runtime": 23, "gradients/l3.weight": {"_type": "histogram", "values": [1.0, 0.0, 2.0, 3.0, 3.0, 6.0, 6.0, 7.0, 8.0, 10.0, 11.0, 13.0, 18.0, 4.0, 10.0, 7.0, 10.0, 7.0, 6.0, 7.0, 5.0, 5.0, 4.0, 5.0, 3.0, 0.0, 1.0, 2.0, 8.0, 12.0, 29.0, 39.0, 559.0, 29.0, 12.0, 8.0, 2.0, 1.0, 0.0, 3.0, 5.0, 4.0, 5.0, 5.0, 7.0, 6.0, 7.0, 10.0, 7.0, 10.0, 4.0, 18.0, 13.0, 11.0, 10.0, 8.0, 7.0, 6.0, 6.0, 3.0, 3.0, 2.0, 0.0, 1.0], "bins": [-0.010344551876187325, -0.010021284222602844, -0.009698017500340939, -0.009374749846756458, -0.009051483124494553, -0.008728215470910072, -0.008404948748648167, -0.008081681095063686, -0.007758413907140493, -0.0074351467192173, -0.0071118795312941074, -0.0067886123433709145, -0.006465344689786434, -0.0061420779675245285, -0.005818810313940048, -0.005495543126016855, -0.005172275938093662, -0.004849008750170469, -0.004525741562247276, -0.004202474374324083, -0.0038792069535702467, -0.0035559397656470537, -0.003232672344893217, -0.002909405156970024, -0.002586137969046831, -0.002262870781123638, -0.0019396034767851233, -0.0016163361724466085, -0.0012930689845234156, -0.0009698017966002226, -0.0006465344922617078, -0.000323267187923193, 9.313225746154785e-10, 0.0003232681774534285, 0.0006465354235842824, 0.0009698026697151363, 0.0012930699158459902, 0.0016163371037691832, 0.001939604408107698, 0.0022628717124462128, 0.0025861389003694057, 0.0029094060882925987, 0.0032326732762157917, 0.0035559406969696283, 0.0038792078848928213, 0.004202474839985371, 0.004525742493569851, 0.004849009681493044, 0.005172276869416237, 0.00549554405733943, 0.005818811245262623, 0.006142078433185816, 0.006465345621109009, 0.006788613274693489, 0.007111880462616682, 0.007435147650539875, 0.007758414838463068, 0.008081682026386261, 0.008404949679970741, 0.008728216402232647, 0.009051484055817127, 0.009374750778079033, 0.009698018431663513, 0.010021286085247993, 0.0103445528075099]}, "gradients/l2.bias": {"_type": "histogram", "values": [1.0, 0.0, 1.0, 0.0, 0.0, 0.0, 1.0, 2.0, 1.0, 1.0, 3.0, 1.0, 1.0, 0.0, 1.0, 2.0, 2.0, 4.0, 3.0, 5.0, 3.0, 2.0, 3.0, 5.0, 3.0, 5.0, 5.0, 5.0, 3.0, 10.0, 7.0, 7.0, 11.0, 6.0, 10.0, 8.0, 9.0, 8.0, 7.0, 7.0, 3.0, 6.0, 9.0, 269.0, 3.0, 7.0, 7.0, 6.0, 10.0, 15.0, 6.0, 3.0, 2.0, 1.0, 0.0, 1.0, 2.0, 3.0, 2.0, 2.0, 0.0, 0.0, 0.0, 2.0], "bins": [-0.0074846455827355385, -0.007313408423215151, -0.007142170798033476, -0.006970933638513088, -0.006799696478992701, -0.006628459319472313, -0.006457221694290638, -0.00628598453477025, -0.006114747375249863, -0.005943510215729475, -0.0057722725905478, -0.005601035431027412, -0.005429798271507025, -0.005258561111986637, -0.005087323486804962, -0.0049160863272845745, -0.0047448487021028996, -0.004573611542582512, -0.004402373917400837, -0.004231136757880449, -0.004059899598360062, -0.0038886622060090303, -0.003717424813657999, -0.0035461876541376114, -0.00337495026178658, -0.0032037128694355488, -0.003032475709915161, -0.00286123831756413, -0.0026900009252130985, -0.002518763765692711, -0.0023475263733416796, -0.0021762889809906483, -0.0020050518214702606, -0.0018338145455345511, -0.0016625772695988417, -0.0014913398772478104, -0.0013201026013121009, -0.0011488653253763914, -0.00097762793302536, -0.0008063906570896506, -0.0006351533811539412, -0.0004639160761144012, -0.0002926787710748613, -0.0001214414369314909, 4.979583900421858e-05, 0.00022103311493992805, 0.00039227050729095936, 0.0005635077832266688, 0.0007347450591623783, 0.0009059823350980878, 0.0010772196110337973, 0.0012484570033848286, 0.001419694279320538, 0.0015909315552562475, 0.0017621689476072788, 0.0019334062235429883, 0.0021046434994786978, 0.002275880891829729, 0.0024471180513501167, 0.002618355443701148, 0.0027895928360521793, 0.002960829995572567, 0.0031320673879235983, 0.0033033047802746296, 0.0034745419397950172]}, "gradients/l2.weight": {"_type": "histogram", "values": [1.0, 0.0, 0.0, 3.0, 0.0, 2.0, 0.0, 1.0, 4.0, 3.0, 3.0, 5.0, 2.0, 3.0, 5.0, 9.0, 11.0, 10.0, 16.0, 20.0, 29.0, 35.0, 47.0, 59.0, 75.0, 93.0, 145.0, 171.0, 215.0, 282.0, 307.0, 375.0, 520.0, 665.0, 774.0, 1024.0, 1268.0, 1583.0, 2008.0, 2560.0, 3406.0, 4614.0, 6626.0, 223683.0, 4817.0, 2498.0, 1572.0, 909.0, 599.0, 367.0, 245.0, 184.0, 114.0, 74.0, 37.0, 19.0, 24.0, 8.0, 5.0, 6.0, 0.0, 2.0, 0.0, 2.0], "bins": [-0.0013425961369648576, -0.0013119748327881098, -0.0012813534121960402, -0.0012507321080192924, -0.0012201108038425446, -0.0011894894996657968, -0.0011588680790737271, -0.0011282467748969793, -0.0010976254707202315, -0.0010670041665434837, -0.001036382745951414, -0.0010057614417746663, -0.0009751401375979185, -0.0009445187752135098, -0.0009138974128291011, -0.0008832761086523533, -0.0008526547462679446, -0.0008220333838835359, -0.0007914120797067881, -0.0007607907173223794, -0.0007301694131456316, -0.0006995480507612228, -0.000668926746584475, -0.0006383053842000663, -0.0006076840218156576, -0.0005770626594312489, -0.0005464413552545011, -0.0005158199928700924, -0.0004851986886933446, -0.0004545773263089359, -0.0004239559930283576, -0.00039333465974777937, -0.0003627134137786925, -0.00033209208049811423, -0.00030147074721753597, -0.00027084938483312726, -0.00024022806610446423, -0.00020960673282388598, -0.0001789853849913925, -0.00014836405171081424, -0.00011774271843023598, -8.712138514965773e-05, -5.6500044593121856e-05, -2.5878704036585987e-05, 4.742629243992269e-06, 3.5363962524570525e-05, 6.598531035706401e-05, 9.660664363764226e-05, 0.00012722797691822052, 0.00015784931019879878, 0.00018847064347937703, 0.00021909199131187052, 0.00024971331004053354, 0.00028033467242494226, 0.0003109560057055205, 0.00034157733898609877, 0.000372198672266677, 0.0004028200055472553, 0.00043344133882783353, 0.0004640626721084118, 0.0004946840344928205, 0.0005253053386695683, 0.000555926701053977, 0.0005865480052307248, 0.0006171693676151335]}, "gradients/l1.bias": {"_type": "histogram",