{"gradients/l3.bias": {"_type": "histogram", "values": [0.0, 0.0, 0.0, 0.0, 0.0, 0.0, 0.0, 0.0, 0.0, 0.0, 0.0, 0.0, 0.0, 0.0, 0.0, 0.0, 0.0, 0.0, 0.0, 0.0, 0.0, 0.0, 0.0, 0.0, 0.0, 0.0, 0.0, 0.0, 0.0, 0.0, 0.0, 0.0, 1.0, 0.0, 0.0, 0.0, 0.0, 0.0, 0.0, 0.0, 0.0, 0.0, 0.0, 0.0, 0.0, 0.0, 0.0, 0.0, 0.0, 0.0, 0.0, 0.0, 0.0, 0.0, 0.0, 0.0, 0.0, 0.0, 0.0, 0.0, 0.0, 0.0, 0.0, 0.0], "bins": [0.1769016683101654, 0.1769016683101654, 0.1769016683101654, 0.1769016683101654, 0.1769016683101654, 0.1769016683101654, 0.1769016683101654, 0.1769016683101654, 0.1769016683101654, 0.1769016683101654, 0.1769016683101654, 0.1769016683101654, 0.1769016683101654, 0.1769016683101654, 0.1769016683101654, 0.1769016683101654, 0.1769016683101654, 0.1769016683101654, 0.1769016683101654, 0.1769016683101654, 0.1769016683101654, 0.1769016683101654, 0.1769016683101654, 0.1769016683101654, 0.1769016683101654, 0.1769016683101654, 0.1769016683101654, 0.1769016683101654, 0.1769016683101654, 0.1769016683101654, 0.1769016683101654, 0.1769016683101654, 0.1769016683101654, 0.1769016683101654, 0.1769016683101654, 0.1769016683101654, 0.1769016683101654, 0.1769016683101654, 0.1769016683101654, 0.1769016683101654, 0.1769016683101654, 0.1769016683101654, 0.1769016683101654, 0.1769016683101654, 0.1769016683101654, 0.1769016683101654, 0.1769016683101654, 0.1769016683101654, 0.1769016683101654, 0.1769016683101654, 0.1769016683101654, 0.1769016683101654, 0.1769016683101654, 0.1769016683101654, 0.1769016683101654, 0.1769016683101654, 0.1769016683101654, 0.1769016683101654, 0.1769016683101654, 0.1769016683101654, 0.1769016683101654, 0.1769016683101654, 0.1769016683101654, 0.1769016683101654, 0.1769016683101654]}, "_timestamp": 1652845215, "_runtime": 57, "gradients/l3.weight": {"_type": "histogram", "values": [1.0, 3.0, 2.0, 1.0, 4.0, 36.0, 13.0, 3.0, 1.0, 1.0, 4.0, 6.0, 5.0, 4.0, 1.0, 3.0, 0.0, 3.0, 1.0, 1.0, 1.0, 2.0, 1.0, 1.0, 2.0, 0.0, 1.0, 4.0, 1.0, 2.0, 0.0, 1.0, 3.0, 0.0, 0.0, 1.0, 1.0, 1.0, 1.0, 0.0, 2.0, 1.0, 0.0, 1.0, 0.0, 0.0, 0.0, 1.0, 1.0, 0.0, 0.0, 0.0, 1.0, 0.0, 1.0, 0.0, 0.0, 1.0, 1.0, 0.0, 0.0, 0.0, 0.0, 2.0], "bins": [-0.009683688171207905, -0.008019886910915375, -0.006356085184961557, -0.00469228345900774, -0.00302848219871521, -0.00136468093842268, 0.0002991212531924248, 0.001962922513484955, 0.003626723773777485, 0.005290525034070015, 0.006954326760023832, 0.00861812848597765, 0.01028192974627018, 0.01194573100656271, 0.013609533198177814, 0.015273334458470345, 0.01693713665008545, 0.018600938841700554, 0.02026473917067051, 0.021928541362285614, 0.02359234169125557, 0.025256143882870674, 0.02691994607448578, 0.028583746403455734, 0.03024754673242569, 0.031911347061395645, 0.0335751511156559, 0.035238951444625854, 0.03690275177359581, 0.038566552102565765, 0.04023035615682602, 0.041894156485795975, 0.04355795681476593, 0.045221757143735886, 0.04688556119799614, 0.048549361526966095, 0.05021316185593605, 0.051876962184906006, 0.05354076623916626, 0.055204566568136215, 0.05686836689710617, 0.058532167226076126, 0.06019597128033638, 0.061859771609306335, 0.06352357566356659, 0.06518737226724625, 0.0668511763215065, 0.06851498037576675, 0.07017877697944641, 0.07184258103370667, 0.07350637763738632, 0.07517018169164658, 0.07683398574590683, 0.07849778234958649, 0.08016158640384674, 0.081825390458107, 0.08348919451236725, 0.0851529985666275, 0.08681679517030716, 0.08848059922456741, 0.09014440327882767, 0.09180819988250732, 0.09347200393676758, 0.09513580799102783, 0.09679960459470749]}, "gradients/l2.bias": {"_type": "histogram", "values": [1.0, 0.0, 0.0, 1.0, 0.0, 0.0, 0.0, 0.0, 1.0, 1.0, 0.0, 2.0, 0.0, 1.0, 1.0, 0.0, 1.0, 0.0, 0.0, 1.0, 0.0, 5.0, 1.0, 2.0, 1.0, 1.0, 1.0, 5.0, 1.0, 2.0, 2.0, 4.0, 1.0, 37.0, 8.0, 3.0, 10.0, 7.0, 3.0, 6.0, 1.0, 0.0, 1.0, 2.0, 1.0, 0.0, 1.0, 0.0, 2.0, 3.0, 1.0, 0.0, 2.0, 2.0, 1.0, 0.0, 0.0, 0.0, 0.0, 0.0, 0.0, 0.0, 0.0, 1.0], "bins": [-0.08432584255933762, -0.08178495615720749, -0.07924406975507736, -0.07670317590236664, -0.07416228950023651, -0.07162140309810638, -0.06908051669597626, -0.06653963029384613, -0.0639987364411354, -0.06145785003900528, -0.058916959911584854, -0.05637607350945473, -0.0538351833820343, -0.051294296979904175, -0.04875341057777405, -0.04621252045035362, -0.043671634048223495, -0.04113074764609337, -0.03858985751867294, -0.036048971116542816, -0.03350808098912239, -0.030967194586992264, -0.028426306322216988, -0.02588541805744171, -0.023344529792666435, -0.02080364152789116, -0.018262753263115883, -0.015721864998340607, -0.013180977664887905, -0.010640089400112629, -0.008099202066659927, -0.005558313801884651, -0.003017425537109375, -0.00047653750516474247, 0.00206435052677989, 0.004605238325893879, 0.007146126590669155, 0.009687014855444431, 0.012227902188897133, 0.014768790453672409, 0.017309678718447685, 0.01985056698322296, 0.022391455247998238, 0.024932343512773514, 0.02747322991490364, 0.030014120042324066, 0.03255500644445419, 0.03509589284658432, 0.037636782974004745, 0.04017766937613487, 0.0427185595035553, 0.045259445905685425, 0.04780033603310585, 0.05034122243523598, 0.0528821125626564, 0.05542299896478653, 0.057963885366916656, 0.06050477176904678, 0.06304565817117691, 0.06558655202388763, 0.06812743842601776, 0.07066832482814789, 0.07320921123027802, 0.07575009763240814, 0.07829099148511887]}, "gradients/l2.weight": {"_type": "histogram", "values": [1.0, 0.0, 0.0, 1.0, 1.0, 1.0, 1.0, 2.0, 2.0, 7.0, 5.0, 3.0, 12.0, 10.0, 13.0, 24.0, 17.0, 25.0, 46.0, 66.0, 86.0, 89.0, 122.0, 213.0, 13463.0, 1272.0, 368.0, 177.0, 103.0, 60.0, 45.0, 40.0, 26.0, 20.0, 11.0, 12.0, 11.0, 7.0, 3.0, 4.0, 5.0, 1.0, 1.0, 2.0, 2.0, 0.0, 1.0, 1.0, 0.0, 0.0, 0.0, 0.0, 1.0, 0.0, 0.0, 0.0, 0.0, 0.0, 0.0, 0.0, 0.0, 0.0, 0.0, 1.0], "bins": [-0.06329645216464996, -0.06075922027230263, -0.05822198837995529, -0.055684760212898254, -0.05314752832055092, -0.05061029642820358, -0.048073068261146545, -0.04553583636879921, -0.042998604476451874, -0.04046137258410454, -0.0379241406917572, -0.035386912524700165, -0.03284968063235283, -0.030312448740005493, -0.027775218710303307, -0.02523798868060112, -0.022700756788253784, -0.02016352489590645, -0.017626294866204262, -0.0150890639051795, -0.01255183294415474, -0.010014601983129978, -0.007477371022105217, -0.00494014099240303, -0.0024029091000556946, 0.00013432186096906662, 0.002671552821993828, 0.005208783783018589, 0.00774601474404335, 0.010283245705068111, 0.012820476666092873, 0.01535770669579506, 0.017894938588142395, 0.02043217048048973, 0.022969400510191917, 0.025506630539894104, 0.02804386243224144, 0.030581094324588776, 0.03311832249164581, 0.03565555438399315, 0.038192786276340485, 0.04073001816868782, 0.043267250061035156, 0.045804478228092194, 0.04834171012043953, 0.050878942012786865, 0.0534161701798439, 0.05595340207219124, 0.058490633964538574, 0.06102786585688591, 0.06356509774923325, 0.06610232591629028, 0.06863956153392792, 0.07117678970098495, 0.07371401786804199, 0.07625125348567963, 0.07878848165273666, 0.0813257098197937, 0.08386294543743134, 0.08640017360448837, 0.08893740177154541, 0.09147463738918304, 0.09401186555624008, 0.09654909372329712, 0.09908632934093475]}, "gradients/l1.bias": {"_type": "histogram", "values": [2.0, 0.0, 0.0, 0.0, 0.0, 1.0, 0.0, 0.0, 1.0, 0.0, 0.0, 1.0, 1.0, 0.0, 0.0, 0.0, 2.0, 5.0, 2.0, 1.0, 2.0, 0.0, 3.0, 1.0, 2.0, 75.0, 3.0, 0.0, 5.0, 3.0, 1.0, 0.0, 0.0, 4.0, 1.0, 0.0, 3.0, 0.0, 0.0, 1.0, 1.0, 0.0, 1.0, 0.0, 0.0, 1.0, 2.0, 0.0, 1.0, 0.0, 1.0, 0.0, 0.0, 0.0, 0.0, 0.0, 0.0, 0.0, 0.0, 0.0, 0.0, 0.0, 0.0, 1.0],