{"gradients/l3.bias": {"_type": "histogram", "values": [1.0, 0.0, 0.0, 0.0, 0.0, 0.0, 0.0, 0.0, 0.0, 0.0, 0.0, 0.0, 0.0, 0.0, 0.0, 0.0, 0.0, 0.0, 0.0, 0.0, 0.0, 0.0, 0.0, 0.0, 0.0, 0.0, 0.0, 0.0, 0.0, 0.0, 0.0, 0.0, 0.0, 0.0, 0.0, 0.0, 0.0, 0.0, 0.0, 0.0, 0.0, 0.0, 0.0, 0.0, 0.0, 0.0, 0.0, 0.0, 0.0, 0.0, 0.0, 0.0, 0.0, 0.0, 0.0, 0.0, 0.0, 0.0, 0.0, 0.0, 0.0, 0.0, 0.0, 1.0], "bins": [-0.03707524389028549, -0.03591664135456085, -0.03475804254412651, -0.03359944000840187, -0.03244083747267723, -0.03128223866224289, -0.03012363612651825, -0.02896503359079361, -0.02780643291771412, -0.02664783224463463, -0.02548922970890999, -0.024330629035830498, -0.023172028362751007, -0.022013425827026367, -0.020854825153946877, -0.019696224480867386, -0.018537621945142746, -0.017379021272063255, -0.016220418736338615, -0.015061818063259125, -0.01390321645885706, -0.012744614854454994, -0.011586014181375504, -0.010427412576973438, -0.009268810972571373, -0.008110209368169308, -0.00695160822942853, -0.005793007090687752, -0.0046344054862856865, -0.003475803881883621, -0.0023172027431428432, -0.0011586016044020653, 0.0, 0.0011586013715714216, 0.0023172027431428432, 0.003475804114714265, 0.0046344054862856865, 0.005793007090687752, 0.00695160822942853, 0.008110209368169308, 0.009268810972571373, 0.010427412576973438, 0.011586014181375504, 0.012744614854454994, 0.01390321645885706, 0.015061818063259125, 0.016220418736338615, 0.017379019409418106, 0.018537621945142746, 0.019696222618222237, 0.020854825153946877, 0.022013425827026367, 0.023172028362751007, 0.024330629035830498, 0.02548922970890999, 0.02664783224463463, 0.02780643291771412, 0.02896503359079361, 0.03012363612651825, 0.03128223866224289, 0.03244083747267723, 0.03359944000840187, 0.03475804254412651, 0.03591664135456085, 0.03707524389028549]}, "_timestamp": 1652849895, "_runtime": 23, "gradients/l3.weight": {"_type": "histogram", "values": [1.0, 1.0, 2.0, 4.0, 5.0, 3.0, 10.0, 9.0, 10.0, 4.0, 12.0, 16.0, 15.0, 9.0, 9.0, 14.0, 7.0, 8.0, 3.0, 2.0, 3.0, 2.0, 6.0, 3.0, 6.0, 3.0, 5.0, 9.0, 18.0, 28.0, 12.0, 527.0, 19.0, 12.0, 28.0, 18.0, 9.0, 5.0, 3.0, 6.0, 3.0, 6.0, 2.0, 3.0, 2.0, 3.0, 8.0, 7.0, 14.0, 9.0, 9.0, 15.0, 16.0, 12.0, 4.0, 10.0, 9.0, 10.0, 3.0, 5.0, 4.0, 2.0, 1.0, 1.0], "bins": [-0.009057095274329185, -0.008774060755968094, -0.008491027168929577, -0.008207992650568485, -0.007924958132207394, -0.007641924079507589, -0.007358890026807785, -0.007075855508446693, -0.006792820990085602, -0.0065097869373857975, -0.006226752419024706, -0.005943718366324902, -0.00566068384796381, -0.005377649795264006, -0.005094615742564201, -0.00481158122420311, -0.0045285471715033054, -0.004245513118803501, -0.0039624786004424095, -0.003679444547742605, -0.0033964100293815136, -0.0031133759766817093, -0.0028303416911512613, -0.0025473074056208134, -0.0022642731200903654, -0.0019812388345599174, -0.0016982045490294695, -0.0014151703799143434, -0.0011321360943838954, -0.0008491018088534474, -0.0005660676397383213, -0.00028303335420787334, 9.313225746154785e-10, 0.0002830351877491921, 0.0005660694441758096, 0.0008491036714985967, 0.0011321379570290446, 0.0014151722425594926, 0.0016982064116746187, 0.0019812406972050667, 0.0022642749827355146, 0.0025473092682659626, 0.0028303435537964106, 0.0031133778393268585, 0.003396411892026663, 0.0036794464103877544, 0.003962480463087559, 0.00424551498144865, 0.004528549034148455, 0.004811583086848259, 0.005094617605209351, 0.005377651657909155, 0.0056606861762702465, 0.005943720228970051, 0.006226754747331142, 0.006509788800030947, 0.006792822852730751, 0.007075856905430555, 0.007358891423791647, 0.007641925476491451, 0.007924959994852543, 0.008207994513213634, 0.008491028100252151, 0.008774062618613243, 0.009057097136974335]}, "gradients/l2.bias": {"_type": "histogram", "values": [1.0, 1.0, 0.0, 1.0, 1.0, 0.0, 1.0, 1.0, 2.0, 3.0, 3.0, 0.0, 2.0, 1.0, 3.0, 5.0, 3.0, 3.0, 3.0, 2.0, 3.0, 7.0, 8.0, 2.0, 3.0, 3.0, 4.0, 8.0, 4.0, 5.0, 10.0, 8.0, 7.0, 4.0, 11.0, 9.0, 10.0, 4.0, 8.0, 7.0, 6.0, 265.0, 7.0, 6.0, 3.0, 7.0, 7.0, 7.0, 12.0, 4.0, 8.0, 3.0, 4.0, 2.0, 2.0, 2.0, 0.0, 1.0, 0.0, 0.0, 2.0, 1.0, 1.0, 1.0], "bins": [-0.007409547921270132, -0.00723295658826828, -0.007056365255266428, -0.006879774387925863, -0.006703183054924011, -0.006526591721922159, -0.006350000388920307, -0.006173409521579742, -0.00599681818857789, -0.005820226855576038, -0.005643635522574186, -0.005467044655233622, -0.0052904533222317696, -0.0051138619892299175, -0.0049372706562280655, -0.004760679788887501, -0.004584087990224361, -0.004407496657222509, -0.004230905324220657, -0.004054314456880093, -0.0038777231238782406, -0.0037011317908763885, -0.0035245404578745365, -0.003347949357703328, -0.0031713582575321198, -0.0029947669245302677, -0.0028181758243590593, -0.0026415844913572073, -0.002464993391185999, -0.002288402058184147, -0.002111810725182295, -0.0019352196250110865, -0.0017586287576705217, -0.0015820375410839915, -0.0014054463244974613, -0.0012288549914956093, -0.001052263891324401, -0.0008756726165302098, -0.0006990813417360187, -0.0005224901251494884, -0.00034589890856295824, -0.0001693076774245128, 7.283553713932633e-06, 0.0001838747994042933, 0.0003604660159908235, 0.0005370572325773537, 0.0007136485073715448, 0.000890239723958075, 0.0010668309405446053, 0.0012434221571311355, 0.0014200133737176657, 0.0015966047067195177, 0.001773195806890726, 0.0019497871398925781, 0.00212637847289443, 0.0023029695730656385, 0.002479560673236847, 0.002656152006238699, 0.0028327431064099073, 0.0030093344394117594, 0.0031859255395829678, 0.00336251687258482, 0.003539108205586672, 0.00371569930575788, 0.0038922906387597322]}, "gradients/l2.weight": {"_type": "histogram", "values": [1.0, 2.0, 0.0, 2.0, 2.0, 0.0, 2.0, 3.0, 4.0, 4.0, 8.0, 7.0, 4.0, 3.0, 11.0, 18.0, 13.0, 20.0, 17.0, 20.0, 31.0, 41.0, 35.0, 40.0, 59.0, 73.0, 86.0, 109.0, 153.0, 222.0, 313.0, 431.0, 652.0, 856.0, 1113.0, 1424.0, 1893.0, 2871.0, 4162.0, 6514.0, 12343.0, 222673.0, 2836.0, 1321.0, 625.0, 352.0, 236.0, 174.0, 117.0, 84.0, 39.0, 34.0, 27.0, 17.0, 14.0, 7.0, 8.0, 5.0, 2.0, 3.0, 4.0, 1.0, 1.0, 2.0], "bins": [-0.0018600670155137777, -0.0018147494411095977, -0.0017694318667054176, -0.0017241142923012376, -0.0016787967178970575, -0.0016334790270775557, -0.0015881615690886974, -0.0015428438782691956, -0.0014975263038650155, -0.0014522087294608355, -0.0014068911550566554, -0.0013615735806524754, -0.0013162560062482953, -0.0012709384318441153, -0.0012256207410246134, -0.0011803031666204333, -0.0011349855922162533, -0.0010896680178120732, -0.0010443504434078932, -0.0009990328690037131, -0.0009537152363918722, -0.0009083976619876921, -0.0008630800875835121, -0.0008177624549716711, -0.0007724449969828129, -0.0007271274225786328, -0.0006818098481744528, -0.0006364922737702727, -0.0005911746411584318, -0.0005458570667542517, -0.0005005394923500717, -0.00045522188884206116, -0.00040990428533405066, -0.0003645867109298706, -0.0003192691074218601, -0.00027395153301768005, -0.00022863394406158477, -0.0001833163551054895, -0.00013799878070130944, -9.268117719329894e-05, -4.7363602789118886e-05, -2.046017471002415e-06, 4.3271567847114056e-05, 8.858914952725172e-05, 0.000133906738483347, 0.00017922432743944228, 0.00022454190184362233, 0.00026985950535163283, 0.0003151770797558129, 0.00036049465415999293, 0.00040581225766800344, 0.0004511298320721835, 0.000496447435580194, 0.000541765009984374, 0.0005870825843885541, 0.0006324001587927341, 0.0006777177331969142, 0.0007230353076010942, 0.0007683528820052743, 0.0008136704564094543, 0.0008589880890212953, 0.0009043056634254754, 0.0009496232378296554, 0.0009949408704414964, 0.0010402584448456764]}, "gradients/l1.bias": {"_type": "histogram",