{"Accuracy": 0.005121124442666769, "Loss": 0.996777355670929, "Val Accuracy": 3.1839585304260254, "Val Loss": 0.6890756487846375, "_timestamp": 1652857513, "_runtime": 555, "_step": 0, "_wandb": {"runtime": 556}}