{"gradients/l3.bias": {"_type": "histogram", "values": [0.0, 0.0, 0.0, 0.0, 0.0, 0.0, 0.0, 0.0, 0.0, 0.0, 0.0, 0.0, 0.0, 0.0, 0.0, 0.0, 0.0, 0.0, 0.0, 0.0, 0.0, 0.0, 0.0, 0.0, 0.0, 0.0, 0.0, 0.0, 0.0, 0.0, 0.0, 0.0, 1.0, 0.0, 0.0, 0.0, 0.0, 0.0, 0.0, 0.0, 0.0, 0.0, 0.0, 0.0, 0.0, 0.0, 0.0, 0.0, 0.0, 0.0, 0.0, 0.0, 0.0, 0.0, 0.0, 0.0, 0.0, 0.0, 0.0, 0.0, 0.0, 0.0, 0.0, 0.0], "bins": [-0.03226173669099808, -0.03226173669099808, -0.03226173669099808, -0.03226173669099808, -0.03226173669099808, -0.03226173669099808, -0.03226173669099808, -0.03226173669099808, -0.03226173669099808, -0.03226173669099808, -0.03226173669099808, -0.03226173669099808, -0.03226173669099808, -0.03226173669099808, -0.03226173669099808, -0.03226173669099808, -0.03226173669099808, -0.03226173669099808, -0.03226173669099808, -0.03226173669099808, -0.03226173669099808, -0.03226173669099808, -0.03226173669099808, -0.03226173669099808, -0.03226173669099808, -0.03226173669099808, -0.03226173669099808, -0.03226173669099808, -0.03226173669099808, -0.03226173669099808, -0.03226173669099808, -0.03226173669099808, -0.03226173669099808, -0.03226173669099808, -0.03226173669099808, -0.03226173669099808, -0.03226173669099808, -0.03226173669099808, -0.03226173669099808, -0.03226173669099808, -0.03226173669099808, -0.03226173669099808, -0.03226173669099808, -0.03226173669099808, -0.03226173669099808, -0.03226173669099808, -0.03226173669099808, -0.03226173669099808, -0.03226173669099808, -0.03226173669099808, -0.03226173669099808, -0.03226173669099808, -0.03226173669099808, -0.03226173669099808, -0.03226173669099808, -0.03226173669099808, -0.03226173669099808, -0.03226173669099808, -0.03226173669099808, -0.03226173669099808, -0.03226173669099808, -0.03226173669099808, -0.03226173669099808, -0.03226173669099808, -0.03226173669099808]}, "_timestamp": 1652845473, "_runtime": 73, "gradients/l3.weight": {"_type": "histogram", "values": [1.0, 0.0, 0.0, 0.0, 0.0, 0.0, 0.0, 0.0, 0.0, 1.0, 0.0, 0.0, 0.0, 1.0, 0.0, 1.0, 0.0, 0.0, 2.0, 0.0, 2.0, 0.0, 0.0, 0.0, 1.0, 1.0, 2.0, 1.0, 3.0, 2.0, 1.0, 3.0, 5.0, 3.0, 5.0, 7.0, 1.0, 8.0, 4.0, 6.0, 8.0, 6.0, 12.0, 7.0, 14.0, 103.0, 9.0, 11.0, 7.0, 5.0, 6.0, 2.0, 1.0, 1.0, 1.0, 1.0, 0.0, 0.0, 0.0, 0.0, 0.0, 0.0, 0.0, 1.0], "bins": [-0.026059631258249283, -0.025480685755610466, -0.02490174025297165, -0.024322794750332832, -0.023743849247694016, -0.02316490188241005, -0.022585958242416382, -0.022007010877132416, -0.0214280653744936, -0.020849119871854782, -0.020270174369215965, -0.01969122886657715, -0.01911228336393833, -0.018533337861299515, -0.01795439049601555, -0.017375444993376732, -0.016796499490737915, -0.016217553988099098, -0.01563860848546028, -0.015059662982821465, -0.014480716548860073, -0.013901771046221256, -0.01332282554358244, -0.012743879109621048, -0.01216493546962738, -0.011585989966988564, -0.011007044464349747, -0.01042809896171093, -0.009849152527749538, -0.009270207025110722, -0.008691261522471905, -0.008112315088510513, -0.0075333695858716965, -0.00695442408323288, -0.0063754781149327755, -0.005796532612293959, -0.0052175866439938545, -0.004638641141355038, -0.004059695638716221, -0.0034807496704161167, -0.0029018041677773, -0.0023228584323078394, -0.0017439128132537007, -0.001164967194199562, -0.0005860214587301016, -7.075723260641098e-06, 0.0005718697793781757, 0.0011508157476782799, 0.0017297612503170967, 0.002308706985786557, 0.0028876527212560177, 0.0034665982238948345, 0.004045544192194939, 0.0046244896948337555, 0.005203435197472572, 0.0057823811657726765, 0.006361326668411493, 0.00694027217105031, 0.007519218139350414, 0.008098163641989231, 0.008677109144628048, 0.00925605557858944, 0.009835001081228256, 0.010413946583867073, 0.01099289208650589]}, "gradients/l2.bias": {"_type": "histogram", "values": [1.0, 0.0, 0.0, 0.0, 0.0, 0.0, 0.0, 0.0, 0.0, 0.0, 1.0, 0.0, 0.0, 0.0, 1.0, 0.0, 3.0, 0.0, 0.0, 1.0, 1.0, 1.0, 4.0, 4.0, 2.0, 5.0, 6.0, 7.0, 12.0, 14.0, 22.0, 113.0, 15.0, 8.0, 5.0, 3.0, 2.0, 2.0, 6.0, 2.0, 3.0, 1.0, 0.0, 0.0, 1.0, 3.0, 1.0, 1.0, 0.0, 0.0, 1.0, 0.0, 1.0, 1.0, 0.0, 0.0, 0.0, 0.0, 0.0, 1.0, 0.0, 0.0, 0.0, 1.0], "bins": [-0.044652700424194336, -0.04324465990066528, -0.04183661565184593, -0.04042857512831688, -0.03902053087949753, -0.037612490355968475, -0.036204446107149124, -0.03479640558362007, -0.03338836133480072, -0.03198032081127167, -0.030572276562452316, -0.029164234176278114, -0.027756191790103912, -0.02634814940392971, -0.02494010701775551, -0.023532066494226456, -0.022124024108052254, -0.020715981721878052, -0.01930793933570385, -0.017899896949529648, -0.016491854563355446, -0.015083812177181244, -0.013675770722329617, -0.012267728336155415, -0.010859685949981213, -0.00945164356380701, -0.008043601177632809, -0.006635559257119894, -0.005227516870945692, -0.00381947448477149, -0.0024114325642585754, -0.0010033901780843735, 0.0004046522080898285, 0.0018126944778487086, 0.0032207367476075888, 0.004628778900951147, 0.006036821287125349, 0.007444863673299551, 0.008852905593812466, 0.010260947979986668, 0.01166899036616087, 0.013077032752335072, 0.014485075138509274, 0.0158931165933609, 0.017301158979535103, 0.018709201365709305, 0.020117243751883507, 0.02152528613805771, 0.02293332852423191, 0.024341370910406113, 0.025749413296580315, 0.027157455682754517, 0.02856549806892872, 0.02997354045510292, 0.03138158097863197, 0.032789625227451324, 0.03419766575098038, 0.03560570627450943, 0.03701375052332878, 0.038421791046857834, 0.039829835295677185, 0.04123787581920624, 0.04264592006802559, 0.04405396059155464, 0.04546200484037399]}, "gradients/l2.weight": {"_type": "histogram", "values": [1.0, 0.0, 0.0, 0.0, 1.0, 0.0, 1.0, 2.0, 2.0, 0.0, 1.0, 2.0, 0.0, 3.0, 2.0, 5.0, 2.0, 8.0, 2.0, 4.0, 7.0, 10.0, 10.0, 20.0, 20.0, 25.0, 46.0, 61.0, 70.0, 92.0, 186.0, 291.0, 655.0, 62487.0, 765.0, 259.0, 120.0, 78.0, 76.0, 42.0, 27.0, 27.0, 23.0, 21.0, 9.0, 11.0, 8.0, 13.0, 5.0, 6.0, 9.0, 3.0, 1.0, 5.0, 2.0, 1.0, 0.0, 3.0, 2.0, 2.0, 0.0, 1.0, 0.0, 1.0], "bins": [-0.027967339381575584, -0.027136793360114098, -0.02630624733865261, -0.025475701317191124, -0.024645155295729637, -0.02381460927426815, -0.022984063252806664, -0.022153517231345177, -0.02132297120988369, -0.020492425188422203, -0.019661879166960716, -0.01883133314549923, -0.018000787124037743, -0.017170241102576256, -0.01633969508111477, -0.015509149059653282, -0.01467860396951437, -0.013848057948052883, -0.013017511926591396, -0.01218696590512991, -0.011356419883668423, -0.01052587479352951, -0.009695328772068024, -0.008864782750606537, -0.00803423672914505, -0.007203690707683563, -0.006373144686222076, -0.00554259866476059, -0.004712052643299103, -0.0038815070874989033, -0.0030509610660374165, -0.0022204150445759296, -0.0013898685574531555, -0.0005593225941993296, 0.0002712233690544963, 0.0011017692741006613, 0.001932315295562148, 0.0027628610841929913, 0.003593407105654478, 0.004423953127115965, 0.005254499148577452, 0.0060850451700389385, 0.006915591191500425, 0.007746136747300625, 0.008576682768762112, 0.009407228790223598, 0.010237774811685085, 0.011068320833146572, 0.011898866854608059, 0.012729412876069546, 0.013559958897531033, 0.01439050491899252, 0.015221050940454006, 0.01605159603059292, 0.016882142052054405, 0.017712688073515892, 0.01854323409497738, 0.019373780116438866, 0.020204326137900352, 0.02103487215936184, 0.021865418180823326, 0.022695964202284813, 0.0235265102237463, 0.024357056245207787, 0.025187602266669273]}, "gradients/l1.bias": {"_type": "histogram", "values": [2.0, 0.0, 0.0, 0.0, 0.0, 0.0, 0.0, 0.0, 0.0, 0.0, 0.0, 0.0, 1.0, 0.0, 0.0, 0.0, 1.0, 0.0, 2.0, 1.0, 2.0, 4.0, 1.0, 0.0, 3.0, 5.0, 2.0, 3.0, 208.0, 4.0, 1.0, 3.0, 2.0, 2.0, 2.0, 1.0, 0.0, 0.0, 1.0, 0.0, 1.0, 0.0, 1.0, 0.0, 0.0, 0.0, 0.0, 0.0, 1.0, 0.0, 0.0, 0.0, 0.0, 0.0, 0.0, 1.0, 0.0, 0.0, 0.0, 0.0, 0.0, 0.0, 0.0, 1.0],