{"gradients/l3.bias": {"_type": "histogram", "values": [0.0, 0.0, 0.0, 0.0, 0.0, 0.0, 0.0, 0.0, 0.0, 0.0, 0.0, 0.0, 0.0, 0.0, 0.0, 0.0, 0.0, 0.0, 0.0, 0.0, 0.0, 0.0, 0.0, 0.0, 0.0, 0.0, 0.0, 0.0, 0.0, 0.0, 0.0, 0.0, 1.0, 0.0, 0.0, 0.0, 0.0, 0.0, 0.0, 0.0, 0.0, 0.0, 0.0, 0.0, 0.0, 0.0, 0.0, 0.0, 0.0, 0.0, 0.0, 0.0, 0.0, 0.0, 0.0, 0.0, 0.0, 0.0, 0.0, 0.0, 0.0, 0.0, 0.0, 0.0], "bins": [-0.8798929452896118, -0.8798929452896118, -0.8798929452896118, -0.8798929452896118, -0.8798929452896118, -0.8798929452896118, -0.8798929452896118, -0.8798929452896118, -0.8798929452896118, -0.8798929452896118, -0.8798929452896118, -0.8798929452896118, -0.8798929452896118, -0.8798929452896118, -0.8798929452896118, -0.8798929452896118, -0.8798929452896118, -0.8798929452896118, -0.8798929452896118, -0.8798929452896118, -0.8798929452896118, -0.8798929452896118, -0.8798929452896118, -0.8798929452896118, -0.8798929452896118, -0.8798929452896118, -0.8798929452896118, -0.8798929452896118, -0.8798929452896118, -0.8798929452896118, -0.8798929452896118, -0.8798929452896118, -0.8798929452896118, -0.8798929452896118, -0.8798929452896118, -0.8798929452896118, -0.8798929452896118, -0.8798929452896118, -0.8798929452896118, -0.8798929452896118, -0.8798929452896118, -0.8798929452896118, -0.8798929452896118, -0.8798929452896118, -0.8798929452896118, -0.8798929452896118, -0.8798929452896118, -0.8798929452896118, -0.8798929452896118, -0.8798929452896118, -0.8798929452896118, -0.8798929452896118, -0.8798929452896118, -0.8798929452896118, -0.8798929452896118, -0.8798929452896118, -0.8798929452896118, -0.8798929452896118, -0.8798929452896118, -0.8798929452896118, -0.8798929452896118, -0.8798929452896118, -0.8798929452896118, -0.8798929452896118, -0.8798929452896118]}, "_timestamp": 1652791824, "_runtime": 10, "gradients/l3.weight": {"_type": "histogram", "values": [2.0, 1.0, 0.0, 2.0, 1.0, 0.0, 0.0, 2.0, 1.0, 1.0, 0.0, 2.0, 1.0, 2.0, 5.0, 3.0, 3.0, 3.0, 4.0, 2.0, 3.0, 2.0, 5.0, 4.0, 3.0, 7.0, 5.0, 6.0, 5.0, 3.0, 6.0, 8.0, 4.0, 4.0, 6.0, 8.0, 10.0, 5.0, 4.0, 8.0, 7.0, 3.0, 9.0, 4.0, 3.0, 9.0, 8.0, 3.0, 6.0, 6.0, 1.0, 2.0, 6.0, 4.0, 10.0, 6.0, 2.0, 5.0, 8.0, 4.0, 5.0, 10.0, 14.0, 236.0], "bins": [-0.048789866268634796, -0.04802752286195755, -0.0472651831805706, -0.046502839773893356, -0.04574050009250641, -0.04497815668582916, -0.044215817004442215, -0.04345347359776497, -0.04269113391637802, -0.041928790509700775, -0.04116645082831383, -0.04040410742163658, -0.039641767740249634, -0.03887942433357239, -0.03811708465218544, -0.037354741245508194, -0.036592401564121246, -0.035830058157444, -0.03506771847605705, -0.034305375069379807, -0.03354303538799286, -0.03278069198131561, -0.032018352299928665, -0.03125600889325142, -0.030493665486574173, -0.029731323942542076, -0.02896898239850998, -0.028206640854477882, -0.027444299310445786, -0.02668195776641369, -0.025919616222381592, -0.025157272815704346, -0.024394933134317398, -0.0236325915902853, -0.022870250046253204, -0.022107908502221107, -0.02134556695818901, -0.020583225414156914, -0.019820883870124817, -0.01905854046344757, -0.018296200782060623, -0.017533859238028526, -0.01677151769399643, -0.016009176149964333, -0.015246834605932236, -0.014484493061900139, -0.013722150586545467, -0.01295980904251337, -0.012197466567158699, -0.011435125023126602, -0.010672783479094505, -0.009910441935062408, -0.009148100391030312, -0.008385758846998215, -0.007623416371643543, -0.006861074827611446, -0.0060987332835793495, -0.005336391739547253, -0.004574050195515156, -0.0038117081858217716, -0.0030493666417896748, -0.002287025097757578, -0.0015246830880641937, -0.0007623415440320969, 0.0]}, "gradients/l2.bias": {"_type": "histogram", "values": [3.0, 3.0, 3.0, 3.0, 2.0, 4.0, 3.0, 1.0, 1.0, 2.0, 6.0, 4.0, 4.0, 4.0, 5.0, 2.0, 2.0, 6.0, 6.0, 4.0, 4.0, 4.0, 7.0, 4.0, 7.0, 6.0, 6.0, 11.0, 3.0, 6.0, 9.0, 8.0, 217.0, 5.0, 8.0, 6.0, 5.0, 9.0, 2.0, 7.0, 6.0, 2.0, 7.0, 6.0, 11.0, 2.0, 4.0, 3.0, 4.0, 4.0, 5.0, 4.0, 1.0, 8.0, 7.0, 6.0, 2.0, 3.0, 4.0, 1.0, 6.0, 7.0, 3.0, 4.0], "bins": [-0.03880174085497856, -0.03759631887078285, -0.03639089688658714, -0.035185474902391434, -0.033980052918195724, -0.032774630934000015, -0.031569208949804306, -0.030363788828253746, -0.029158366844058037, -0.027952944859862328, -0.02674752287566662, -0.02554210089147091, -0.02433668076992035, -0.02313125878572464, -0.02192583680152893, -0.02072041481733322, -0.019514992833137512, -0.018309570848941803, -0.017104148864746094, -0.015898726880550385, -0.01469330582767725, -0.01348788384348154, -0.012282462790608406, -0.011077040806412697, -0.009871618822216988, -0.008666196838021278, -0.0074607753194868565, -0.0062553538009524345, -0.005049931816756725, -0.003844509832561016, -0.002639088314026594, -0.0014336667954921722, -0.000228244811296463, 0.0009771769400686026, 0.002182598691433668, 0.0033880204427987337, 0.004593442194163799, 0.0057988641783595085, 0.0070042856968939304, 0.008209707215428352, 0.009415129199624062, 0.01062055118381977, 0.01182597316801548, 0.013031394220888615, 0.014236816205084324, 0.015442238189280033, 0.016647659242153168, 0.017853081226348877, 0.019058503210544586, 0.020263925194740295, 0.021469347178936005, 0.022674769163131714, 0.023880191147327423, 0.025085613131523132, 0.026291033253073692, 0.0274964552372694, 0.02870187722146511, 0.02990729920566082, 0.03111272118985653, 0.03231814131140709, 0.0335235632956028, 0.03472898527979851, 0.03593440726399422, 0.037139829248189926, 0.038345251232385635]}, "gradients/l2.weight": {"_type": "histogram", "values": [3.0, 6.0, 7.0, 7.0, 8.0, 9.0, 10.0, 7.0, 6.0, 11.0, 23.0, 39.0, 58.0, 98.0, 130.0, 131.0, 206.0, 228.0, 303.0, 384.0, 451.0, 590.0, 714.0, 912.0, 1073.0, 1450.0, 1956.0, 2401.0, 3426.0, 5225.0, 8280.0, 20023.0, 175371.0, 11395.0, 6909.0, 4592.0, 3290.0, 2555.0, 2050.0, 1536.0, 1205.0, 988.0, 817.0, 700.0, 560.0, 483.0, 366.0, 306.0, 232.0, 177.0, 149.0, 74.0, 61.0, 32.0, 27.0, 14.0, 8.0, 15.0, 11.0, 10.0, 15.0, 10.0, 7.0, 4.0], "bins": [-0.0022362263407558203, -0.0021667543333023787, -0.0020972825586795807, -0.002027810551226139, -0.0019583385437726974, -0.0018888667691498995, -0.0018193947616964579, -0.001749922870658338, -0.0016804509796202183, -0.0016109790885820985, -0.0015415071975439787, -0.001472035190090537, -0.0014025632990524173, -0.0013330914080142975, -0.0012636194005608559, -0.001194147509522736, -0.0011246756184846163, -0.0010552037274464965, -0.0009857318364083767, -0.0009162598289549351, -0.0008467879379168153, -0.0007773160468786955, -0.0007078440976329148, -0.0006383721483871341, -0.0005689002573490143, -0.0004994283663108945, -0.0004299564170651138, -0.00036048449692316353, -0.0002910125767812133, -0.00022154065663926303, -0.00015206873649731278, -8.259681635536253e-05, -1.3124896213412285e-05, 5.6347023928537965e-05, 0.00012581894407048821, 0.00019529086421243846, 0.0002647627843543887, 0.00033423470449633896, 0.0004037066246382892, 0.00047317854478023946, 0.0005426504649221897, 0.0006121223559603095, 0.0006815943052060902, 0.0007510662544518709, 0.0008205381454899907, 0.0008900100365281105, 0.0009594819857738912, 0.001028953935019672, 0.0010984258260577917, 0.0011678977170959115, 0.0012373696081340313, 0.001306841615587473, 0.0013763135066255927, 0.0014457853976637125, 0.0015152574051171541, 0.001584729296155274, 0.0016542011871933937, 0.0017236730782315135, 0.0017931449692696333, 0.001862616976723075, 0.0019320888677611947, 0.0020015607587993145, 0.002071032766252756, 0.002140504540875554, 0.0022099765483289957]}, "_step": 0, "_wandb": {"runtime": 10}}