{"Accuracy": 0.005115678533911705, "Loss": 0.9969174861907959, "Val Accuracy": 3.1038548946380615, "Val Loss": 0.6932772994041443, "_timestamp": 1653014016, "_runtime": 572, "_step": 0, "_wandb": {"runtime": 573}}