{"Accuracy": 0.014574460685253143, "Loss": 0.9952360987663269, "Val Accuracy": 1.1780978441238403, "Val Loss": 0.7331932783126831, "_timestamp": 1653008873, "_runtime": 93, "_step": 0, "_wandb": {"runtime": 93}}