{"Accuracy": 0.005334656685590744, "Loss": 0.996777355670929, "Val Accuracy": 3.096951484680176, "Val Loss": 0.6911764740943909, "_timestamp": 1652856579, "_runtime": 559, "_step": 0, "_wandb": {"runtime": 559}}