{"gradients/l3.bias": {"_type": "histogram", "values": [1.0, 0.0, 0.0, 0.0, 0.0, 0.0, 0.0, 0.0, 0.0, 0.0, 0.0, 0.0, 0.0, 0.0, 0.0, 0.0, 0.0, 0.0, 0.0, 0.0, 0.0, 0.0, 0.0, 0.0, 0.0, 0.0, 0.0, 0.0, 0.0, 0.0, 0.0, 0.0, 0.0, 0.0, 0.0, 0.0, 0.0, 0.0, 0.0, 0.0, 0.0, 0.0, 0.0, 0.0, 0.0, 0.0, 0.0, 0.0, 0.0, 0.0, 0.0, 0.0, 0.0, 0.0, 0.0, 0.0, 0.0, 0.0, 0.0, 0.0, 0.0, 0.0, 0.0, 1.0], "bins": [-0.016722798347473145, -0.01620021089911461, -0.015677623450756073, -0.015155035071074963, -0.014632446691393852, -0.014109859243035316, -0.01358727179467678, -0.013064684346318245, -0.012542095966637135, -0.012019508518278599, -0.011496920138597488, -0.010974332690238953, -0.010451745241880417, -0.009929156862199306, -0.00940656941384077, -0.00888398103415966, -0.008361393585801125, -0.007838806137442589, -0.007316217757761478, -0.006793630309402943, -0.00627104239538312, -0.0057484544813632965, -0.005225867033004761, -0.004703279118984938, -0.004180691204965115, -0.0036581032909452915, -0.003135515609756112, -0.0026129279285669327, -0.0020903400145471096, -0.0015677521005272865, -0.0010451644193381071, -0.0005225767381489277, 1.1175870895385742e-08, 0.0005225989734753966, 0.0010451867710798979, 0.0015677745686843991, 0.0020903623662889004, 0.0026129502803087234, 0.003135537961497903, 0.0036581256426870823, 0.004180713556706905, 0.0047033014707267284, 0.0052258893847465515, 0.005748476833105087, 0.00627106474712491, 0.006793652661144733, 0.007316240109503269, 0.00783882848918438, 0.008361415937542915, 0.008884003385901451, 0.009406591765582561, 0.009929179213941097, 0.010451767593622208, 0.010974355041980743, 0.01149694249033928, 0.012019529938697815, 0.012542118318378925, 0.013064705766737461, 0.013587294146418571, 0.014109881594777107, 0.014632469043135643, 0.015155057422816753, 0.015677645802497864, 0.0162002332508564, 0.016722820699214935]}, "_timestamp": 1652850798, "_runtime": 8, "gradients/l3.weight": {"_type": "histogram", "values": [2.0, 2.0, 0.0, 0.0, 1.0, 2.0, 1.0, 3.0, 5.0, 3.0, 5.0, 2.0, 5.0, 3.0, 4.0, 2.0, 2.0, 0.0, 3.0, 4.0, 1.0, 7.0, 4.0, 12.0, 13.0, 12.0, 10.0, 10.0, 11.0, 6.0, 10.0, 8.0, 214.0, 10.0, 6.0, 11.0, 10.0, 10.0, 12.0, 13.0, 12.0, 4.0, 7.0, 1.0, 4.0, 3.0, 0.0, 2.0, 2.0, 4.0, 3.0, 5.0, 2.0, 5.0, 3.0, 5.0, 3.0, 1.0, 2.0, 1.0, 0.0, 0.0, 2.0, 2.0], "bins": [-0.011118773370981216, -0.010771311819553375, -0.010423850268125534, -0.010076388716697693, -0.009728927165269852, -0.009381464682519436, -0.009034003131091595, -0.008686541579663754, -0.008339080028235912, -0.007991618476808071, -0.00764415692538023, -0.0072966949082911015, -0.00694923335686326, -0.006601771805435419, -0.006254309788346291, -0.005906848236918449, -0.005559386685490608, -0.005211925134062767, -0.004864463582634926, -0.004517001565545797, -0.004169540014117956, -0.003822078462690115, -0.00347461667843163, -0.0031271548941731453, -0.002779693342745304, -0.002432231791317463, -0.002084770007058978, -0.001737308339215815, -0.001389846671372652, -0.001042385003529489, -0.000694923335686326, -0.0003474615514278412, 0.0, 0.000347461667843163, 0.000694923335686326, 0.001042385003529489, 0.001389846671372652, 0.001737308339215815, 0.002084770007058978, 0.002432231791317463, 0.002779693342745304, 0.0031271548941731453, 0.00347461667843163, 0.003822078462690115, 0.004169540014117956, 0.004517001565545797, 0.004864463582634926, 0.005211925134062767, 0.005559386685490608, 0.005906848236918449, 0.006254309788346291, 0.006601771805435419, 0.00694923335686326, 0.0072966949082911015, 0.00764415692538023, 0.007991618476808071, 0.008339080028235912, 0.008686541579663754, 0.009034003131091595, 0.009381464682519436, 0.009728927165269852, 0.010076388716697693, 0.010423850268125534, 0.010771311819553375, 0.011118773370981216]}, "gradients/l2.bias": {"_type": "histogram", "values": [1.0, 0.0, 0.0, 0.0, 0.0, 0.0, 0.0, 0.0, 0.0, 0.0, 1.0, 1.0, 0.0, 0.0, 0.0, 0.0, 2.0, 0.0, 1.0, 0.0, 1.0, 1.0, 0.0, 0.0, 2.0, 3.0, 1.0, 1.0, 4.0, 2.0, 3.0, 3.0, 3.0, 0.0, 5.0, 7.0, 4.0, 2.0, 5.0, 2.0, 8.0, 5.0, 7.0, 14.0, 3.0, 4.0, 6.0, 5.0, 5.0, 4.0, 3.0, 4.0, 0.0, 106.0, 4.0, 9.0, 5.0, 3.0, 0.0, 3.0, 0.0, 1.0, 0.0, 2.0], "bins": [-0.009294506162405014, -0.00912233255803585, -0.008950159884989262, -0.008777986280620098, -0.00860581360757351, -0.008433640003204346, -0.008261467330157757, -0.008089293725788593, -0.007917121052742004, -0.007744947914034128, -0.007572774775326252, -0.007400601636618376, -0.0072284284979105, -0.007056255359202623, -0.006884082220494747, -0.006711908616125584, -0.0065397354774177074, -0.006367562338709831, -0.006195389200001955, -0.006023216061294079, -0.005851042922586203, -0.005678869783878326, -0.005506696179509163, -0.005334523506462574, -0.0051623499020934105, -0.004990176763385534, -0.004818003624677658, -0.004645830485969782, -0.004473657347261906, -0.0043014842085540295, -0.004129311069846153, -0.00395713746547699, -0.0037849643267691135, -0.0036127911880612373, -0.003440618049353361, -0.003268444910645485, -0.0030962717719376087, -0.0029240986332297325, -0.0027519252616912127, -0.0025797521229833364, -0.002407579217106104, -0.0022354060783982277, -0.0020632329396903515, -0.0018910596845671535, -0.0017188865458592772, -0.001546713407151401, -0.001374540152028203, -0.0012023670133203268, -0.0010301937581971288, -0.0008580206194892526, -0.0006858474225737154, -0.0005136742256581783, -0.0003415010869503021, -0.00016932794824242592, 2.845306880772114e-06, 0.00017501844558864832, 0.0003471915842965245, 0.0005193647230044007, 0.0006915379199199378, 0.000863711116835475, 0.0010358842555433512, 0.0012080573942512274, 0.0013802306493744254, 0.0015524037880823016, 0.0017245769267901778]}, "gradients/l2.weight": {"_type": "histogram", "values": [1.0, 0.0, 0.0, 1.0, 0.0, 0.0, 1.0, 0.0, 0.0, 2.0, 0.0, 1.0, 1.0, 1.0, 1.0, 2.0, 1.0, 1.0, 3.0, 4.0, 4.0, 2.0, 1.0, 7.0, 4.0, 8.0, 10.0, 15.0, 11.0, 10.0, 15.0, 15.0, 28.0, 29.0, 37.0, 32.0, 54.0, 39.0, 60.0, 51.0, 64.0, 75.0, 92.0, 130.0, 183.0, 255.0, 367.0, 515.0, 792.0, 1285.0, 2078.0, 54806.0, 2233.0, 1046.0, 514.0, 243.0, 145.0, 99.0, 85.0, 38.0, 26.0, 6.0, 6.0, 1.0], "bins": [-0.003512865863740444, -0.003444660920649767, -0.003376455744728446, -0.0033082508016377687, -0.003240045625716448, -0.0031718406826257706, -0.0031036357395350933, -0.0030354305636137724, -0.002967225620523095, -0.002899020677432418, -0.002830815501511097, -0.0027626105584204197, -0.0026944056153297424, -0.0026262004394084215, -0.0025579954963177443, -0.0024897903203964233, -0.002421585377305746, -0.002353380434215069, -0.002285175258293748, -0.0022169703152030706, -0.0021487651392817497, -0.0020805601961910725, -0.002012355253100395, -0.0019441501935943961, -0.001875945134088397, -0.001807740074582398, -0.0017395350150763988, -0.0016713300719857216, -0.0016031250124797225, -0.0015349199529737234, -0.0014667150098830462, -0.001398509950377047, -0.001330304890871048, -0.0012620998313650489, -0.0011938947718590498, -0.0011256898287683725, -0.0010574847692623734, -0.0009892797097563744, -0.0009210747084580362, -0.000852869707159698, -0.0007846647058613598, -0.0007164597045630217, -0.0006482546450570226, -0.0005800495855510235, -0.0005118445842526853, -0.0004436395538505167, -0.00037543452344834805, -0.0003072294930461794, -0.00023902446264401078, -0.00017081943224184215, -0.00010261440183967352, -3.440937143750489e-05, 3.3795658964663744e-05, 0.00010200068936683238, 0.000170205719769001, 0.00023841075017116964, 0.00030661578057333827, 0.0003748208109755069, 0.00044302584137767553, 0.0005112309008836746, 0.0005794359021820128, 0.000647640903480351, 0.0007158459629863501, 0.0007840510224923491, 0.0008522560237906873]}, "gradients/l1.bias": {"_type": "histogram",