{"gradients/l3.bias": {"_type": "histogram", "values": [0.0, 0.0, 0.0, 0.0, 0.0, 0.0, 0.0, 0.0, 0.0, 0.0, 0.0, 0.0, 0.0, 0.0, 0.0, 0.0, 0.0, 0.0, 0.0, 0.0, 0.0, 0.0, 0.0, 0.0, 0.0, 0.0, 0.0, 0.0, 0.0, 0.0, 0.0, 0.0, 1.0, 0.0, 0.0, 0.0, 0.0, 0.0, 0.0, 0.0, 0.0, 0.0, 0.0, 0.0, 0.0, 0.0, 0.0, 0.0, 0.0, 0.0, 0.0, 0.0, 0.0, 0.0, 0.0, 0.0, 0.0, 0.0, 0.0, 0.0, 0.0, 0.0, 0.0, 0.0], "bins": [0.058083675801754, 0.058083675801754, 0.058083675801754, 0.058083675801754, 0.058083675801754, 0.058083675801754, 0.058083675801754, 0.058083675801754, 0.058083675801754, 0.058083675801754, 0.058083675801754, 0.058083675801754, 0.058083675801754, 0.058083675801754, 0.058083675801754, 0.058083675801754, 0.058083675801754, 0.058083675801754, 0.058083675801754, 0.058083675801754, 0.058083675801754, 0.058083675801754, 0.058083675801754, 0.058083675801754, 0.058083675801754, 0.058083675801754, 0.058083675801754, 0.058083675801754, 0.058083675801754, 0.058083675801754, 0.058083675801754, 0.058083675801754, 0.058083675801754, 0.058083675801754, 0.058083675801754, 0.058083675801754, 0.058083675801754, 0.058083675801754, 0.058083675801754, 0.058083675801754, 0.058083675801754, 0.058083675801754, 0.058083675801754, 0.058083675801754, 0.058083675801754, 0.058083675801754, 0.058083675801754, 0.058083675801754, 0.058083675801754, 0.058083675801754, 0.058083675801754, 0.058083675801754, 0.058083675801754, 0.058083675801754, 0.058083675801754, 0.058083675801754, 0.058083675801754, 0.058083675801754, 0.058083675801754, 0.058083675801754, 0.058083675801754, 0.058083675801754, 0.058083675801754, 0.058083675801754, 0.058083675801754]}, "_timestamp": 1652845038, "_runtime": 7, "gradients/l3.weight": {"_type": "histogram", "values": [84.0, 0.0, 0.0, 1.0, 2.0, 0.0, 1.0, 0.0, 0.0, 0.0, 2.0, 1.0, 0.0, 2.0, 0.0, 2.0, 1.0, 0.0, 3.0, 1.0, 2.0, 0.0, 2.0, 2.0, 0.0, 0.0, 0.0, 0.0, 0.0, 3.0, 0.0, 1.0, 1.0, 0.0, 0.0, 0.0, 1.0, 0.0, 0.0, 1.0, 0.0, 1.0, 0.0, 0.0, 0.0, 1.0, 1.0, 1.0, 2.0, 2.0, 0.0, 1.0, 1.0, 1.0, 1.0, 0.0, 1.0, 0.0, 0.0, 0.0, 1.0, 0.0, 0.0, 1.0], "bins": [0.0, 0.00023975546355359256, 0.0004795109271071851, 0.0007192663615569472, 0.0009590218542143703, 0.0011987773468717933, 0.0014385327231138945, 0.0016782882157713175, 0.0019180437084287405, 0.0021577992010861635, 0.0023975546937435865, 0.002637309953570366, 0.002877065446227789, 0.003116820938885212, 0.003356576431542635, 0.003596331924200058, 0.003836087416857481, 0.004075842909514904, 0.004315598402172327, 0.00455535389482975, 0.004795109387487173, 0.005034864880144596, 0.005274619907140732, 0.005514375865459442, 0.005754130892455578, 0.005993886385113001, 0.006233641877770424, 0.006473397370427847, 0.00671315286308527, 0.006952908355742693, 0.007192663848400116, 0.007432418875396252, 0.007672174833714962, 0.007911929860711098, 0.008151685819029808, 0.008391440846025944, 0.008631196804344654, 0.00887095183134079, 0.0091107077896595, 0.009350462816655636, 0.009590218774974346, 0.009829973801970482, 0.010069729760289192, 0.010309484787285328, 0.010549240745604038, 0.010788995772600174, 0.011028751730918884, 0.01126850675791502, 0.011508261784911156, 0.011748016811907291, 0.011987772770226002, 0.012227527797222137, 0.012467283755540848, 0.012707038782536983, 0.012946794740855694, 0.01318654976785183, 0.01342630572617054, 0.013666060753166676, 0.013905816711485386, 0.014145571738481522, 0.014385327696800232, 0.014625082723796368, 0.014864838682115078, 0.015104593709111214, 0.015344349667429924]}, "gradients/l2.bias": {"_type": "histogram", "values": [1.0, 1.0, 1.0, 0.0, 0.0, 0.0, 0.0, 0.0, 0.0, 0.0, 0.0, 1.0, 0.0, 0.0, 0.0, 0.0, 0.0, 0.0, 0.0, 1.0, 84.0, 1.0, 1.0, 0.0, 1.0, 0.0, 1.0, 0.0, 1.0, 0.0, 2.0, 0.0, 1.0, 2.0, 1.0, 2.0, 1.0, 3.0, 0.0, 0.0, 1.0, 1.0, 0.0, 0.0, 1.0, 1.0, 2.0, 0.0, 2.0, 1.0, 0.0, 1.0, 2.0, 0.0, 2.0, 0.0, 1.0, 2.0, 1.0, 1.0, 0.0, 0.0, 1.0, 2.0], "bins": [-0.002595679834485054, -0.0024685775861144066, -0.0023414751049131155, -0.002214372856542468, -0.0020872706081718206, -0.0019601681269705296, -0.0018330658785998821, -0.0017059636302292347, -0.0015788612654432654, -0.0014517589006572962, -0.0013246566522866488, -0.0011975542875006795, -0.0010704519227147102, -0.0009433496743440628, -0.0008162473095580935, -0.0006891450029797852, -0.0005620426964014769, -0.0004349403898231685, -0.0003078380541410297, -0.00018073571845889091, -5.363341188058257e-05, 7.346889469772577e-05, 0.00020057125948369503, 0.0003276735660620034, 0.0004547758726403117, 0.0005818781792186201, 0.0007089804857969284, 0.0008360828505828977, 0.000963185157161206, 0.0010902874637395144, 0.0012173898285254836, 0.0013444921933114529, 0.0014715944416821003, 0.0015986968064680696, 0.001725799054838717, 0.0018529014196246862, 0.0019800036679953337, 0.0021071061491966248, 0.002234208397567272, 0.0023613106459379196, 0.002488412894308567, 0.0026155151426792145, 0.0027426176238805056, 0.002869719872251153, 0.0029968221206218004, 0.0031239246018230915, 0.003251026850193739, 0.0033781290985643864, 0.0035052315797656775, 0.003632333828136325, 0.003759436309337616, 0.0038865385577082634, 0.004013640806078911, 0.004140743054449558, 0.004267845302820206, 0.00439494801685214, 0.004522050265222788, 0.004649152513593435, 0.004776254761964083, 0.0049033574759960175, 0.005030459724366665, 0.005157561972737312, 0.00528466422110796, 0.005411766469478607, 0.005538868717849255]}, "gradients/l2.weight": {"_type": "histogram", "values": [3.0, 2.0, 1.0, 2.0, 2.0, 4.0, 5.0, 8.0, 8.0, 9.0, 10.0, 14.0, 16.0, 17.0, 14.0, 25.0, 36.0, 27.0, 23.0, 31.0, 96.0, 14155.0, 169.0, 112.0, 99.0, 99.0, 96.0, 116.0, 94.0, 105.0, 93.0, 78.0, 81.0, 69.0, 67.0, 60.0, 63.0, 62.0, 50.0, 46.0, 42.0, 38.0, 29.0, 22.0, 36.0, 21.0, 19.0, 19.0, 13.0, 17.0, 10.0, 6.0, 12.0, 3.0, 6.0, 2.0, 5.0, 5.0, 2.0, 1.0, 1.0, 1.0, 3.0, 4.0], "bins": [-0.0009775650687515736, -0.000931818678509444, -0.0008860722882673144, -0.000840325839817524, -0.0007945794495753944, -0.0007488330593332648, -0.0007030866690911353, -0.0006573402788490057, -0.0006115938303992152, -0.0005658474401570857, -0.0005201010499149561, -0.00047435463056899607, -0.00042860821122303605, -0.0003828618209809065, -0.0003371154307387769, -0.0002913690113928169, -0.0002456226502545178, -0.000199876245460473, -0.0001541298406664282, -0.00010838345042429864, -6.263704563025385e-05, -1.689064083620906e-05, 2.8855749405920506e-05, 7.460216875188053e-05, 0.00012034855899401009, 0.00016609496378805488, 0.00021184136858209968, 0.00025758775882422924, 0.0003033341490663588, 0.0003490805684123188, 0.0003948269586544484, 0.0004405733780004084, 0.000486319768242538, 0.0005320661584846675, 0.0005778125487267971, 0.0006235589971765876, 0.0006693053874187171, 0.0007150517776608467, 0.0007607981679029763, 0.0008065445581451058, 0.0008522910065948963, 0.0008980373968370259, 0.0009437837870791554, 0.000989530235528946, 0.0010352765675634146, 0.001081023016013205, 0.0011267694644629955, 0.0011725157964974642, 0.0012182621285319328, 0.0012640085769817233, 0.001309754909016192, 0.0013555013574659824, 0.001401247689500451, 0.0014469941379502416, 0.001492740586400032, 0.0015384869184345007, 0.0015842333668842912, 0.0016299798153340816, 0.0016757261473685503, 0.0017214725958183408, 0.0017672189278528094, 0.0018129653763026, 0.0018587117083370686, 0.001904458156786859, 0.0019502046052366495]}, "gradients/l1.bias": {"_type": "histogram", "values": [1.0, 0.0, 1.0, 0.0, 0.0, 0.0, 0.0, 0.0, 0.0, 0.0, 1.0, 0.0, 0.0, 0.0, 0.0, 0.0, 0.0, 0.0, 0.0, 0.0, 1.0, 0.0, 0.0, 1.0, 0.0, 0.0, 74.0, 1.0, 3.0, 0.0, 1.0, 0.0, 1.0, 0.0, 1.0, 1.0, 0.0, 2.0, 1.0, 2.0, 3.0, 2.0, 2.0, 2.0, 1.0, 2.0, 4.0, 1.0, 1.0, 2.0, 2.0, 6.0, 1.0, 1.0, 0.0, 1.0, 1.0, 0.0, 0.0, 0.0, 1.0, 0.0, 1.0, 2.0],