{"gradients/l3.bias": {"_type": "histogram", "values": [0.0, 0.0, 0.0, 0.0, 0.0, 0.0, 0.0, 0.0, 0.0, 0.0, 0.0, 0.0, 0.0, 0.0, 0.0, 0.0, 0.0, 0.0, 0.0, 0.0, 0.0, 0.0, 0.0, 0.0, 0.0, 0.0, 0.0, 0.0, 0.0, 0.0, 0.0, 0.0, 1.0, 0.0, 0.0, 0.0, 0.0, 0.0, 0.0, 0.0, 0.0, 0.0, 0.0, 0.0, 0.0, 0.0, 0.0, 0.0, 0.0, 0.0, 0.0, 0.0, 0.0, 0.0, 0.0, 0.0, 0.0, 0.0, 0.0, 0.0, 0.0, 0.0, 0.0, 0.0], "bins": [0.03933796286582947, 0.03933796286582947, 0.03933796286582947, 0.03933796286582947, 0.03933796286582947, 0.03933796286582947, 0.03933796286582947, 0.03933796286582947, 0.03933796286582947, 0.03933796286582947, 0.03933796286582947, 0.03933796286582947, 0.03933796286582947, 0.03933796286582947, 0.03933796286582947, 0.03933796286582947, 0.03933796286582947, 0.03933796286582947, 0.03933796286582947, 0.03933796286582947, 0.03933796286582947, 0.03933796286582947, 0.03933796286582947, 0.03933796286582947, 0.03933796286582947, 0.03933796286582947, 0.03933796286582947, 0.03933796286582947, 0.03933796286582947, 0.03933796286582947, 0.03933796286582947, 0.03933796286582947, 0.03933796286582947, 0.03933796286582947, 0.03933796286582947, 0.03933796286582947, 0.03933796286582947, 0.03933796286582947, 0.03933796286582947, 0.03933796286582947, 0.03933796286582947, 0.03933796286582947, 0.03933796286582947, 0.03933796286582947, 0.03933796286582947, 0.03933796286582947, 0.03933796286582947, 0.03933796286582947, 0.03933796286582947, 0.03933796286582947, 0.03933796286582947, 0.03933796286582947, 0.03933796286582947, 0.03933796286582947, 0.03933796286582947, 0.03933796286582947, 0.03933796286582947, 0.03933796286582947, 0.03933796286582947, 0.03933796286582947, 0.03933796286582947, 0.03933796286582947, 0.03933796286582947, 0.03933796286582947, 0.03933796286582947]}, "_timestamp": 1652844893, "_runtime": 10, "gradients/l3.weight": {"_type": "histogram", "values": [1.0, 1.0, 0.0, 1.0, 0.0, 0.0, 0.0, 0.0, 0.0, 0.0, 0.0, 1.0, 1.0, 2.0, 2.0, 2.0, 4.0, 72.0, 4.0, 1.0, 3.0, 0.0, 0.0, 1.0, 1.0, 1.0, 0.0, 0.0, 3.0, 0.0, 1.0, 0.0, 1.0, 2.0, 1.0, 0.0, 3.0, 1.0, 2.0, 1.0, 0.0, 0.0, 0.0, 0.0, 0.0, 3.0, 0.0, 1.0, 2.0, 3.0, 2.0, 0.0, 0.0, 1.0, 1.0, 0.0, 1.0, 0.0, 0.0, 0.0, 0.0, 0.0, 0.0, 1.0], "bins": [-0.0026578190736472607, -0.002506995340809226, -0.0023561713751405478, -0.002205347642302513, -0.002054523676633835, -0.0019036999437958002, -0.0017528762109577656, -0.0016020523617044091, -0.0014512285124510527, -0.0013004046631976962, -0.0011495808139443398, -0.0009987570811063051, -0.0008479332318529487, -0.0006971093825995922, -0.0005462855915538967, -0.0003954618005082011, -0.00024463795125484467, -9.381413110531867e-05, 5.7009689044207335e-05, 0.00020783350919373333, 0.00035865732934325933, 0.0005094811785966158, 0.0006603049696423113, 0.0008111287606880069, 0.0009619526099413633, 0.0011127764591947198, 0.0012636003084480762, 0.0014144240412861109, 0.0015652478905394673, 0.0017160717397928238, 0.0018668954726308584, 0.002017719205468893, 0.0021685436367988586, 0.0023193673696368933, 0.0024701913353055716, 0.002621015068143606, 0.0027718390338122845, 0.002922662766650319, 0.0030734864994883537, 0.003224310465157032, 0.0033751341979950666, 0.0035259579308331013, 0.0036767818965017796, 0.003827605629339814, 0.003978429362177849, 0.004129253327846527, 0.004280077293515205, 0.004430900793522596, 0.004581724759191275, 0.004732548724859953, 0.004883372224867344, 0.005034196190536022, 0.0051850201562047005, 0.005335844121873379, 0.00548666762188077, 0.005637491587549448, 0.005788315087556839, 0.005939139053225517, 0.006089962553232908, 0.0062407865189015865, 0.006391610484570265, 0.006542433984577656, 0.006693257950246334, 0.006844081915915012, 0.006994905881583691]}, "gradients/l2.bias": {"_type": "histogram", "values": [1.0, 0.0, 1.0, 0.0, 0.0, 0.0, 0.0, 0.0, 0.0, 0.0, 2.0, 3.0, 1.0, 1.0, 2.0, 3.0, 2.0, 62.0, 1.0, 0.0, 0.0, 1.0, 1.0, 0.0, 2.0, 0.0, 1.0, 1.0, 1.0, 1.0, 1.0, 1.0, 1.0, 1.0, 1.0, 3.0, 2.0, 1.0, 1.0, 1.0, 1.0, 1.0, 1.0, 0.0, 3.0, 0.0, 1.0, 0.0, 1.0, 2.0, 1.0, 0.0, 2.0, 0.0, 1.0, 2.0, 1.0, 1.0, 5.0, 1.0, 1.0, 0.0, 1.0, 2.0], "bins": [-0.0014379583299160004, -0.001355345593765378, -0.0012727328576147556, -0.0011901201214641333, -0.001107507385313511, -0.0010248946491628885, -0.000942282029427588, -0.0008596692932769656, -0.0007770565571263433, -0.0006944438209757209, -0.0006118310848250985, -0.0005292184068821371, -0.0004466056707315147, -0.0003639929345808923, -0.00028138025663793087, -0.0001987675204873085, -0.00011615478433668613, -3.3542062737978995e-05, 4.9070658860728145e-05, 0.00013168336590752006, 0.00021429610205814242, 0.0002969088382087648, 0.00037952151615172625, 0.0004621342523023486, 0.000544746988452971, 0.0006273597246035933, 0.0007099724607542157, 0.0007925851386971772, 0.0008751978748477995, 0.0009578106109984219, 0.0010404232889413834, 0.0011230360250920057, 0.001205648761242628, 0.0012882614973932505, 0.0013708742335438728, 0.0014534869696944952, 0.0015360997058451176, 0.00161871244199574, 0.0017013250617310405, 0.0017839377978816628, 0.0018665505340322852, 0.0019491632701829076, 0.002031775889918208, 0.0021143886260688305, 0.002197001362219453, 0.0022796140983700752, 0.0023622268345206976, 0.00244483957067132, 0.0025274523068219423, 0.0026100650429725647, 0.002692677779123187, 0.0027752905152738094, 0.002857903251424432, 0.002940515987575054, 0.003023128490895033, 0.003105741459876299, 0.0031883539631962776, 0.0032709666993469, 0.0033535794354975224, 0.0034361921716481447, 0.003518804907798767, 0.0036014176439493895, 0.003684030380100012, 0.0037666428834199905, 0.0038492558524012566]}, "gradients/l2.weight": {"_type": "histogram", "values": [1.0, 2.0, 2.0, 2.0, 4.0, 5.0, 5.0, 7.0, 4.0, 3.0, 5.0, 13.0, 17.0, 21.0, 23.0, 26.0, 59.0, 50.0, 83.0, 85.0, 86.0, 119.0, 208.0, 373.0, 13590.0, 184.0, 172.0, 123.0, 98.0, 115.0, 101.0, 96.0, 66.0, 73.0, 50.0, 42.0, 44.0, 49.0, 34.0, 35.0, 38.0, 22.0, 29.0, 29.0, 22.0, 18.0, 23.0, 18.0, 15.0, 7.0, 12.0, 17.0, 12.0, 8.0, 9.0, 6.0, 8.0, 4.0, 3.0, 3.0, 2.0, 2.0, 1.0, 1.0], "bins": [-0.00041790137765929103, -0.0004005131486337632, -0.00038312491960823536, -0.0003657366905827075, -0.0003483484615571797, -0.00033096023253165185, -0.000313572003506124, -0.0002961837744805962, -0.00027879554545506835, -0.0002614073164295405, -0.00024401908740401268, -0.00022663085837848485, -0.000209242629352957, -0.00019185440032742918, -0.00017446617130190134, -0.0001570779422763735, -0.00013968971325084567, -0.00012230148422531784, -0.00010491325519979, -8.752502617426217e-05, -7.013679714873433e-05, -5.2748568123206496e-05, -3.536033909767866e-05, -1.7972110072150826e-05, -5.838810466229916e-07, 1.6804347978904843e-05, 3.419257700443268e-05, 5.158080602996051e-05, 6.896903505548835e-05, 8.635726408101618e-05, 0.00010374549310654402, 0.00012113372213207185, 0.0001385219511575997, 0.00015591018018312752, 0.00017329840920865536, 0.0001906866382341832, 0.00020807486725971103, 0.00022546309628523886, 0.0002428513253107667, 0.00026023955433629453, 0.00027762778336182237, 0.0002950160123873502, 0.00031240424141287804, 0.00032979247043840587, 0.0003471806994639337, 0.00036456892848946154, 0.0003819571575149894, 0.0003993453865405172, 0.00041673361556604505, 0.0004341218445915729, 0.0004515100736171007, 0.00046889830264262855, 0.0004862865316681564, 0.0005036747315898538, 0.0005210629897192121, 0.0005384512478485703, 0.0005558394477702677, 0.0005732276476919651, 0.0005906159058213234, 0.0006080041639506817, 0.0006253923638723791, 0.0006427805637940764, 0.0006601688219234347, 0.000677557080052793, 0.0006949452799744904]}, "gradients/l1.bias": {"_type": "histogram", "values": [1.0, 0.0, 0.0, 0.0, 0.0, 0.0, 0.0, 1.0, 1.0, 0.0, 0.0, 77.0, 1.0, 0.0, 0.0, 1.0, 1.0, 0.0, 1.0, 2.0, 2.0, 2.0, 4.0, 1.0, 2.0, 1.0, 1.0, 1.0, 2.0, 0.0, 3.0, 1.0, 0.0, 0.0, 0.0, 3.0, 3.0, 1.0, 0.0, 2.0, 1.0, 0.0, 1.0, 1.0, 1.0, 1.0, 1.0, 0.0, 1.0, 0.0, 1.0, 0.0, 1.0, 1.0, 0.0, 0.0, 1.0, 1.0, 0.0, 0.0, 0.0, 0.0, 0.0, 1.0],