{"Accuracy": 0.005414108280092478, "Loss": 0.996777355670929, "Val Accuracy": 3.207334041595459, "Val Loss": 0.6764705777168274, "_timestamp": 1653008095, "_runtime": 658, "_step": 0, "_wandb": {"runtime": 658}}