{"gradients/l3.bias": {"_type": "histogram", "values": [1.0, 0.0, 0.0, 0.0, 0.0, 0.0, 0.0, 0.0, 0.0, 0.0, 0.0, 0.0, 0.0, 0.0, 0.0, 0.0, 0.0, 0.0, 0.0, 0.0, 0.0, 0.0, 0.0, 0.0, 0.0, 0.0, 0.0, 0.0, 0.0, 0.0, 0.0, 0.0, 0.0, 0.0, 0.0, 0.0, 0.0, 0.0, 0.0, 0.0, 0.0, 0.0, 0.0, 0.0, 0.0, 0.0, 0.0, 0.0, 0.0, 0.0, 0.0, 0.0, 0.0, 0.0, 0.0, 0.0, 0.0, 0.0, 0.0, 0.0, 0.0, 0.0, 0.0, 1.0], "bins": [-0.015549398958683014, -0.015063480474054813, -0.014577561058104038, -0.014091642573475838, -0.013605723157525063, -0.013119804672896862, -0.012633886188268661, -0.012147966772317886, -0.011662048287689686, -0.011176129803061485, -0.01069021038711071, -0.01020429190248251, -0.009718373417854309, -0.009232454001903534, -0.008746535517275333, -0.008260617032647133, -0.007774697616696358, -0.00728877866640687, -0.006802859716117382, -0.0063169412314891815, -0.005831022281199694, -0.005345103330910206, -0.004859184846282005, -0.0043732658959925175, -0.0038873469457030296, -0.003401427995413542, -0.0029155092779546976, -0.0024295905604958534, -0.0019436716102063656, -0.0014577526599168777, -0.0009718339424580336, -0.0004859152249991894, 3.725290298461914e-09, 0.0004859225591644645, 0.0009718413930386305, 0.0014577602269127965, 0.0019436790607869625, 0.0024295980110764503, 0.0029155167285352945, 0.0034014354459941387, 0.0038873543962836266, 0.004373273346573114, 0.004859192296862602, 0.005345110781490803, 0.005831029731780291, 0.0063169486820697784, 0.006802867166697979, 0.007288786116987467, 0.007774705067276955, 0.008260623551905155, 0.00874654296785593, 0.00923246145248413, 0.009718380868434906, 0.010204299353063107, 0.010690217837691307, 0.011176137253642082, 0.011662055738270283, 0.012147974222898483, 0.012633893638849258, 0.013119812123477459, 0.01360573060810566, 0.014091650024056435, 0.014577568508684635, 0.015063486993312836, 0.01554940640926361]}, "_timestamp": 1652850284, "_runtime": 103, "gradients/l3.weight": {"_type": "histogram", "values": [1.0, 2.0, 0.0, 0.0, 0.0, 0.0, 2.0, 0.0, 1.0, 2.0, 3.0, 1.0, 0.0, 3.0, 4.0, 3.0, 5.0, 5.0, 7.0, 9.0, 10.0, 11.0, 12.0, 20.0, 22.0, 22.0, 20.0, 28.0, 25.0, 42.0, 39.0, 341.0, 85.0, 39.0, 42.0, 25.0, 28.0, 20.0, 22.0, 22.0, 20.0, 12.0, 11.0, 10.0, 9.0, 7.0, 5.0, 5.0, 3.0, 4.0, 3.0, 0.0, 1.0, 3.0, 2.0, 1.0, 0.0, 2.0, 0.0, 0.0, 0.0, 0.0, 2.0, 1.0], "bins": [-0.010290427133440971, -0.009968850761651993, -0.009647275321185589, -0.009325699880719185, -0.009004123508930206, -0.008682547137141228, -0.008360971696674824, -0.00803939625620842, -0.007717819884419441, -0.00739624397829175, -0.007074668072164059, -0.006753092166036367, -0.006431516259908676, -0.006109940353780985, -0.005788364447653294, -0.005466788541525602, -0.005145212635397911, -0.00482363672927022, -0.0045020608231425285, -0.004180484917014837, -0.003858909010887146, -0.0035373331047594547, -0.0032157571986317635, -0.002894181292504072, -0.002572605386376381, -0.0022510294802486897, -0.0019294535741209984, -0.0016078776679933071, -0.0012863017618656158, -0.0009647258557379246, -0.0006431499496102333, -0.00032157404348254204, 1.862645149230957e-09, 0.0003215777687728405, 0.0006431536749005318, 0.000964729581028223, 0.0012863054871559143, 0.0016078813932836056, 0.0019294572994112968, 0.002251033205538988, 0.0025726091116666794, 0.0028941850177943707, 0.003215760923922062, 0.003537336830049753, 0.0038589127361774445, 0.004180488642305136, 0.004502064548432827, 0.004823640454560518, 0.0051452163606882095, 0.005466792266815901, 0.005788368172943592, 0.006109944079071283, 0.006431519985198975, 0.006753095891326666, 0.007074671797454357, 0.007396247703582048, 0.00771782360970974, 0.008039399981498718, 0.008360975421965122, 0.008682550862431526, 0.009004127234220505, 0.009325703606009483, 0.009647279046475887, 0.009968854486942291, 0.01029043085873127]}, "gradients/l2.bias": {"_type": "histogram", "values": [1.0, 0.0, 1.0, 0.0, 0.0, 0.0, 1.0, 1.0, 3.0, 2.0, 2.0, 1.0, 1.0, 3.0, 1.0, 1.0, 2.0, 5.0, 8.0, 10.0, 13.0, 12.0, 8.0, 6.0, 4.0, 9.0, 7.0, 17.0, 27.0, 21.0, 198.0, 10.0, 12.0, 11.0, 11.0, 5.0, 8.0, 6.0, 7.0, 9.0, 12.0, 7.0, 4.0, 11.0, 6.0, 7.0, 4.0, 2.0, 5.0, 5.0, 1.0, 2.0, 0.0, 0.0, 0.0, 0.0, 0.0, 0.0, 0.0, 0.0, 1.0, 0.0, 0.0, 1.0], "bins": [-0.04582364112138748, -0.04431448131799698, -0.04280531778931618, -0.041296157985925674, -0.03978699445724487, -0.03827783465385437, -0.03676867485046387, -0.035259515047073364, -0.03375035151839256, -0.03224119171500206, -0.03073202818632126, -0.029222868382930756, -0.027713706716895103, -0.02620454505085945, -0.02469538524746895, -0.023186223581433296, -0.021677061915397644, -0.020167900249361992, -0.01865873858332634, -0.017149578779935837, -0.015640417113900185, -0.014131255447864532, -0.012622094713151455, -0.011112933978438377, -0.009603772312402725, -0.008094610646367073, -0.0065854499116539955, -0.005076288711279631, -0.003567127510905266, -0.002057966310530901, -0.0005488051101565361, 0.0009603556245565414, 0.002469521015882492, 0.003978682216256857, 0.005487843416631222, 0.006997004617005587, 0.008506165817379951, 0.010015327483415604, 0.011524488218128681, 0.013033648952841759, 0.014542810618877411, 0.016051972284913063, 0.017561133950948715, 0.019070293754339218, 0.02057945542037487, 0.022088617086410522, 0.023597776889801025, 0.025106938555836678, 0.02661610022187233, 0.028125261887907982, 0.029634423553943634, 0.031143583357334137, 0.03265274316072464, 0.03416190668940544, 0.035671066492795944, 0.037180230021476746, 0.03868938982486725, 0.04019854962825775, 0.04170771315693855, 0.043216872960329056, 0.04472603648900986, 0.04623519629240036, 0.04774435609579086, 0.049253515899181366, 0.05076267942786217]}, "gradients/l2.weight": {"_type": "histogram", "values": [1.0, 0.0, 2.0, 3.0, 1.0, 3.0, 1.0, 3.0, 3.0, 5.0, 3.0, 11.0, 7.0, 5.0, 12.0, 9.0, 14.0, 23.0, 30.0, 27.0, 55.0, 49.0, 52.0, 90.0, 102.0, 130.0, 210.0, 272.0, 356.0, 495.0, 979.0, 2210.0, 252407.0, 1599.0, 868.0, 560.0, 374.0, 247.0, 165.0, 121.0, 125.0, 94.0, 91.0, 59.0, 53.0, 43.0, 28.0, 24.0, 17.0, 19.0, 19.0, 16.0, 10.0, 11.0, 7.0, 4.0, 5.0, 5.0, 2.0, 2.0, 1.0, 2.0, 1.0, 2.0], "bins": [-0.02518824115395546, -0.024412738159298897, -0.023637233301997185, -0.022861730307340622, -0.02208622545003891, -0.021310722455382347, -0.020535217598080635, -0.019759714603424072, -0.01898420974612236, -0.018208706751465797, -0.017433201894164085, -0.016657698899507523, -0.01588219404220581, -0.015106690116226673, -0.014331186190247536, -0.013555683195590973, -0.012780179269611835, -0.012004675343632698, -0.01122917141765356, -0.010453667491674423, -0.009678163565695286, -0.008902659639716148, -0.008127156645059586, -0.007351652253419161, -0.006576148327440023, -0.005800644401460886, -0.005025140475481749, -0.0042496370151638985, -0.0034741328563541174, -0.00269862893037498, -0.0019231252372264862, -0.0011476213112473488, -0.00037211738526821136, 0.00040338648250326514, 0.0011788903502747416, 0.0019543941598385572, 0.0027298980858176947, 0.003505402011796832, 0.004280905704945326, 0.005056409630924463, 0.005831913556903601, 0.006607417482882738, 0.0073829214088618755, 0.008158424869179726, 0.008933928795158863, 0.009709432721138, 0.010484936647117138, 0.011260440573096275, 0.012035944499075413, 0.01281144842505455, 0.013586952351033688, 0.014362456277012825, 0.015137960202991962, 0.0159134641289711, 0.016688967123627663, 0.017464471980929375, 0.018239974975585938, 0.0190154779702425, 0.019790982827544212, 0.020566485822200775, 0.021341990679502487, 0.02211749367415905, 0.022892998531460762, 0.023668501526117325, 0.024444006383419037]}, "gradients/l1.bias": {"_type": "histogram", "values": [1.0, 0.0, 0.0, 0.0, 1.0, 0.0, 0.0, 1.0, 1.0, 0.0, 0.0, 1.0, 0.0, 1.0, 1.0, 4.0, 4.0, 8.0, 14.0, 439.0, 12.0, 6.0, 2.0, 1.0, 0.0, 4.0, 0.0, 1.0, 2.0, 2.0, 1.0, 0.0, 0.0, 2.0, 0.0, 0.0, 0.0, 0.0, 0.0, 0.0, 1.0, 1.0, 0.0, 0.0, 0.0, 0.0, 0.0, 0.0, 0.0, 0.0, 0.0, 0.0, 0.0, 0.0, 0.0, 0.0, 0.0, 0.0, 0.0, 0.0, 0.0, 0.0, 0.0, 1.0],