{"Accuracy": 0.015740960836410522, "Loss": 0.9942553043365479, "Val Accuracy": 1.2572277784347534, "Val Loss": 0.7100840210914612, "_timestamp": 1653009029, "_runtime": 91, "_step": 0, "_wandb": {"runtime": 92}}