{"gradients/l3.bias": {"_type": "histogram", "values": [1.0, 0.0, 0.0, 0.0, 0.0, 0.0, 0.0, 0.0, 0.0, 0.0, 0.0, 0.0, 0.0, 0.0, 0.0, 0.0, 0.0, 0.0, 0.0, 0.0, 0.0, 0.0, 0.0, 0.0, 0.0, 0.0, 0.0, 0.0, 0.0, 0.0, 0.0, 0.0, 0.0, 0.0, 0.0, 0.0, 0.0, 0.0, 0.0, 0.0, 0.0, 0.0, 0.0, 0.0, 0.0, 0.0, 0.0, 0.0, 0.0, 0.0, 0.0, 0.0, 0.0, 0.0, 0.0, 0.0, 0.0, 0.0, 0.0, 0.0, 0.0, 0.0, 0.0, 1.0], "bins": [-0.016559595242142677, -0.016042107716202736, -0.015524620190262794, -0.015007132664322853, -0.014489645138382912, -0.01397215761244297, -0.013454669155180454, -0.012937181629240513, -0.012419694103300571, -0.01190220657736063, -0.011384719051420689, -0.010867231525480747, -0.010349743068218231, -0.00983225554227829, -0.009314768016338348, -0.008797280490398407, -0.008279792964458466, -0.007762305438518524, -0.007244817912578583, -0.006727329920977354, -0.006209842395037413, -0.005692354869097471, -0.0051748668774962425, -0.004657379351556301, -0.00413989182561636, -0.0036224042996764183, -0.0031049165409058332, -0.002587428782135248, -0.0020699412561953068, -0.0015524537302553654, -0.0010349659714847803, -0.0005174782127141953, 7.450580596923828e-09, 0.0005174950929358602, 0.0010349827352911234, 0.0015524703776463866, 0.00206995802000165, 0.0025874455459415913, 0.0031049333047121763, 0.0036224210634827614, 0.004139908589422703, 0.004657396115362644, 0.005174883641302586, 0.005692371632903814, 0.006209859158843756, 0.006727346684783697, 0.007244834676384926, 0.007762322202324867, 0.008279809728264809, 0.00879729725420475, 0.009314784780144691, 0.009832272306084633, 0.010349759832024574, 0.010867247357964516, 0.011384735815227032, 0.011902223341166973, 0.012419710867106915, 0.012937198393046856, 0.013454685918986797, 0.013972173444926739, 0.014489661902189255, 0.015007149428129196, 0.015524636954069138, 0.01604212448000908, 0.01655961200594902]}, "_timestamp": 1652850929, "_runtime": 8, "gradients/l3.weight": {"_type": "histogram", "values": [1.0, 0.0, 0.0, 0.0, 0.0, 0.0, 1.0, 1.0, 3.0, 5.0, 3.0, 4.0, 8.0, 5.0, 9.0, 8.0, 12.0, 10.0, 11.0, 8.0, 9.0, 10.0, 6.0, 8.0, 2.0, 6.0, 3.0, 1.0, 2.0, 4.0, 2.0, 4.0, 224.0, 2.0, 4.0, 2.0, 1.0, 3.0, 6.0, 2.0, 8.0, 6.0, 10.0, 9.0, 8.0, 11.0, 10.0, 12.0, 8.0, 9.0, 5.0, 8.0, 4.0, 3.0, 5.0, 3.0, 1.0, 1.0, 0.0, 0.0, 0.0, 0.0, 0.0, 1.0], "bins": [-0.004312532022595406, -0.00417776545509696, -0.0040429988875985146, -0.003908232320100069, -0.00377346551977098, -0.0036386989522725344, -0.003503932151943445, -0.0033691655844449997, -0.003234399016946554, -0.0030996324494481087, -0.002964865881949663, -0.002830099081620574, -0.0026953325141221285, -0.002560565946623683, -0.002425799146294594, -0.0022910325787961483, -0.002156266011297703, -0.0020214994437992573, -0.00188673275988549, -0.0017519660759717226, -0.001617199508473277, -0.0014824329409748316, -0.0013476662570610642, -0.001212899573147297, -0.0010781330056488514, -0.000943366379942745, -0.0008085997542366385, -0.0006738331285305321, -0.0005390665028244257, -0.0004042998771183193, -0.00026953325141221285, -0.00013476662570610642, 0.0, 0.00013476662570610642, 0.00026953325141221285, 0.0004042998771183193, 0.0005390665028244257, 0.0006738331285305321, 0.0008085997542366385, 0.000943366379942745, 0.0010781330056488514, 0.001212899573147297, 0.0013476662570610642, 0.0014824329409748316, 0.001617199508473277, 0.0017519660759717226, 0.00188673275988549, 0.0020214994437992573, 0.002156266011297703, 0.0022910325787961483, 0.002425799146294594, 0.002560565946623683, 0.0026953325141221285, 0.002830099081620574, 0.002964865881949663, 0.0030996324494481087, 0.003234399016946554, 0.0033691655844449997, 0.003503932151943445, 0.0036386989522725344, 0.00377346551977098, 0.003908232320100069, 0.0040429988875985146, 0.00417776545509696, 0.004312532022595406]}, "gradients/l2.bias": {"_type": "histogram", "values": [2.0, 0.0, 0.0, 0.0, 1.0, 0.0, 0.0, 0.0, 0.0, 2.0, 1.0, 1.0, 2.0, 2.0, 3.0, 1.0, 2.0, 3.0, 4.0, 2.0, 5.0, 4.0, 3.0, 2.0, 2.0, 1.0, 2.0, 2.0, 5.0, 6.0, 2.0, 2.0, 2.0, 3.0, 5.0, 111.0, 11.0, 14.0, 2.0, 5.0, 3.0, 8.0, 4.0, 3.0, 3.0, 6.0, 3.0, 1.0, 2.0, 3.0, 2.0, 0.0, 0.0, 0.0, 1.0, 0.0, 0.0, 0.0, 1.0, 0.0, 0.0, 0.0, 0.0, 1.0], "bins": [-0.005003804806619883, -0.004864415619522333, -0.004725026432424784, -0.004585637245327234, -0.004446248058229685, -0.004306858871132135, -0.004167469684034586, -0.004028080031275749, -0.0038886910770088434, -0.003749301889911294, -0.0036099127028137445, -0.003470523515716195, -0.003331134095788002, -0.0031917449086904526, -0.003052355721592903, -0.0029129665344953537, -0.0027735773473978043, -0.002634188160300255, -0.0024947989732027054, -0.002355409786105156, -0.0022160205990076065, -0.002076631411910057, -0.001937241991981864, -0.0017978528048843145, -0.001658463617786765, -0.0015190744306892157, -0.0013796852435916662, -0.001240295940078795, -0.0011009067529812455, -0.0009615175658836961, -0.0008221283205784857, -0.0006827390752732754, -0.0005433494225144386, -0.00040396020631305873, -0.00026457099011167884, -0.00012518177391029894, 1.4207442291080952e-05, 0.0001535966293886304, 0.00029298587469384074, 0.0004323751199990511, 0.0005717643070966005, 0.00071115349419415, 0.0008505427394993603, 0.0009899319848045707, 0.0011293211719021201, 0.0012687103589996696, 0.0014080996625125408, 0.0015474888496100903, 0.0016868780367076397, 0.0018262672238051891, 0.0019656564109027386, 0.002105045598000288, 0.0022444347850978374, 0.002383823972195387, 0.00252321339212358, 0.0026626025792211294, 0.002801991766318679, 0.0029413809534162283, 0.0030807701405137777, 0.003220159327611327, 0.0033595487475395203, 0.0034989379346370697, 0.003638327121734619, 0.0037777163088321686, 0.003917105495929718]}, "gradients/l2.weight": {"_type": "histogram", "values": [2.0, 0.0, 0.0, 0.0, 0.0, 0.0, 2.0, 1.0, 4.0, 5.0, 3.0, 7.0, 7.0, 9.0, 10.0, 13.0, 15.0, 26.0, 29.0, 39.0, 46.0, 55.0, 70.0, 83.0, 117.0, 187.0, 348.0, 607.0, 1044.0, 1641.0, 2621.0, 54523.0, 2072.0, 746.0, 371.0, 199.0, 128.0, 62.0, 79.0, 77.0, 54.0, 44.0, 28.0, 36.0, 27.0, 19.0, 22.0, 13.0, 8.0, 8.0, 1.0, 3.0, 4.0, 6.0, 1.0, 2.0, 0.0, 3.0, 1.0, 1.0, 2.0, 2.0, 1.0, 2.0], "bins": [-0.0016429150709882379, -0.001591555424965918, -0.00154019589535892, -0.0014888362493366003, -0.0014374766033142805, -0.0013861170737072825, -0.0013347574276849627, -0.0012833978980779648, -0.001232038252055645, -0.0011806786060333252, -0.0011293190764263272, -0.0010779594304040074, -0.0010265999007970095, -0.0009752402547746897, -0.0009238806087523699, -0.000872521020937711, -0.0008211614331230521, -0.0007698018453083932, -0.0007184422574937344, -0.0006670826114714146, -0.0006157230236567557, -0.0005643634358420968, -0.000513003789819777, -0.00046164420200511813, -0.00041028461419045925, -0.00035892502637580037, -0.00030756540945731103, -0.0002562057925388217, -0.00020484620472416282, -0.00015348661690950394, -0.0001021269999910146, -5.076738307252526e-05, 5.922047421336174e-07, 5.1951807108707726e-05, 0.00010331140947528183, 0.00015467101184185594, 0.00020603061420843005, 0.00025739020202308893, 0.00030874981894157827, 0.0003601094358600676, 0.0004114690236747265, 0.00046282861148938537, 0.0005141881993040442, 0.000565547845326364, 0.0006169074331410229, 0.0006682670209556818, 0.0007196266669780016, 0.0007709862547926605, 0.0008223458426073194, 0.0008737054304219782, 0.0009250650182366371, 0.0009764246642589569, 0.0010277843102812767, 0.0010791438398882747, 0.0011305034859105945, 0.0011818630155175924, 0.0012332226615399122, 0.001284582307562232, 0.00133594183716923, 0.0013873014831915498, 0.0014386610127985477, 0.0014900206588208675, 0.0015413803048431873, 0.0015927399508655071, 0.001644099480472505]}, "gradients/l1.bias": {"_type": "histogram",