{"gradients/l3.bias": {"_type": "histogram", "values": [1.0, 0.0, 0.0, 0.0, 0.0, 0.0, 0.0, 0.0, 0.0, 0.0, 0.0, 0.0, 0.0, 0.0, 0.0, 0.0, 0.0, 0.0, 0.0, 0.0, 0.0, 0.0, 0.0, 0.0, 0.0, 0.0, 0.0, 0.0, 0.0, 0.0, 0.0, 0.0, 0.0, 0.0, 0.0, 0.0, 0.0, 0.0, 0.0, 0.0, 0.0, 0.0, 0.0, 0.0, 0.0, 0.0, 0.0, 0.0, 0.0, 0.0, 0.0, 0.0, 0.0, 0.0, 0.0, 0.0, 0.0, 0.0, 0.0, 0.0, 0.0, 0.0, 0.0, 1.0], "bins": [-0.03417515754699707, -0.03310718387365341, -0.03203921020030975, -0.030971236526966095, -0.029903262853622437, -0.028835289180278778, -0.02776731550693512, -0.02669934183359146, -0.025631368160247803, -0.024563394486904144, -0.023495420813560486, -0.022427447140216827, -0.02135947346687317, -0.02029149979352951, -0.019223526120185852, -0.018155552446842194, -0.017087578773498535, -0.016019605100154877, -0.014951631426811218, -0.01388365775346756, -0.012815684080123901, -0.011747710406780243, -0.010679736733436584, -0.009611763060092926, -0.008543789386749268, -0.007475815713405609, -0.006407842040061951, -0.005339868366718292, -0.004271894693374634, -0.0032039210200309753, -0.002135947346687317, -0.0010679736733436584, 3.725290298461914e-09, 0.001067977398633957, 0.0021359510719776154, 0.003203924745321274, 0.004271898418664932, 0.005339872092008591, 0.006407845765352249, 0.007475819438695908, 0.008543793112039566, 0.009611766785383224, 0.010679740458726883, 0.011747714132070541, 0.0128156878054142, 0.013883661478757858, 0.014951635152101517, 0.016019608825445175, 0.017087582498788834, 0.018155556172132492, 0.01922352984547615, 0.02029150351881981, 0.021359477192163467, 0.022427450865507126, 0.023495424538850784, 0.024563398212194443, 0.0256313718855381, 0.02669934555888176, 0.027767319232225418, 0.028835292905569077, 0.029903266578912735, 0.030971240252256393, 0.03203921392560005, 0.03310718759894371, 0.03417516127228737]}, "_timestamp": 1652849768, "_runtime": 28, "gradients/l3.weight": {"_type": "histogram", "values": [1.0, 2.0, 0.0, 3.0, 4.0, 4.0, 7.0, 4.0, 9.0, 9.0, 10.0, 12.0, 16.0, 6.0, 15.0, 11.0, 13.0, 6.0, 7.0, 5.0, 4.0, 2.0, 8.0, 2.0, 3.0, 1.0, 1.0, 6.0, 6.0, 19.0, 31.0, 35.0, 535.0, 31.0, 19.0, 6.0, 6.0, 1.0, 1.0, 3.0, 2.0, 8.0, 2.0, 4.0, 5.0, 7.0, 6.0, 13.0, 11.0, 15.0, 6.0, 16.0, 12.0, 10.0, 9.0, 9.0, 4.0, 7.0, 4.0, 4.0, 3.0, 0.0, 2.0, 1.0], "bins": [-0.010221045464277267, -0.009901638142764568, -0.009582229889929295, -0.009262822568416595, -0.008943414315581322, -0.008624006994068623, -0.008304599672555923, -0.00798519141972065, -0.007665784098207951, -0.007346376311033964, -0.007026968523859978, -0.006707561202347279, -0.006388153415173292, -0.006068745627999306, -0.005749338306486607, -0.00542993051931262, -0.005110522732138634, -0.004791114944964647, -0.004471707157790661, -0.004152299836277962, -0.0038328920491039753, -0.003513484261929989, -0.003194076707586646, -0.0028746691532433033, -0.002555261366069317, -0.0022358535788953304, -0.0019164460245519876, -0.001597038353793323, -0.0012776306830346584, -0.0009582230122759938, -0.0006388153415173292, -0.00031940778717398643, 0.0, 0.0003194076707586646, 0.0006388153415173292, 0.0009582230122759938, 0.0012776306830346584, 0.001597038353793323, 0.0019164460245519876, 0.0022358535788953304, 0.002555261366069317, 0.0028746691532433033, 0.003194076707586646, 0.003513484261929989, 0.0038328920491039753, 0.004152299836277962, 0.004471707157790661, 0.004791114944964647, 0.005110522732138634, 0.00542993051931262, 0.005749338306486607, 0.006068745627999306, 0.006388153415173292, 0.006707561202347279, 0.007026968523859978, 0.007346376311033964, 0.007665784098207951, 0.00798519141972065, 0.008304599672555923, 0.008624006994068623, 0.008943414315581322, 0.009262822568416595, 0.009582229889929295, 0.009901637211441994, 0.010221045464277267]}, "gradients/l2.bias": {"_type": "histogram", "values": [1.0, 0.0, 0.0, 1.0, 1.0, 1.0, 0.0, 0.0, 1.0, 0.0, 2.0, 3.0, 3.0, 0.0, 1.0, 3.0, 1.0, 2.0, 7.0, 2.0, 7.0, 3.0, 2.0, 7.0, 2.0, 3.0, 3.0, 4.0, 6.0, 6.0, 4.0, 9.0, 11.0, 11.0, 5.0, 10.0, 6.0, 7.0, 4.0, 10.0, 7.0, 7.0, 7.0, 267.0, 8.0, 1.0, 6.0, 7.0, 9.0, 3.0, 9.0, 6.0, 2.0, 0.0, 4.0, 4.0, 4.0, 1.0, 3.0, 1.0, 3.0, 2.0, 0.0, 2.0], "bins": [-0.0070906998589634895, -0.006927270907908678, -0.006763841956853867, -0.006600413471460342, -0.006436984520405531, -0.0062735555693507195, -0.006110127083957195, -0.005946698132902384, -0.005783269181847572, -0.005619840230792761, -0.005456411279737949, -0.005292982794344425, -0.005129553843289614, -0.004966124892234802, -0.004802696406841278, -0.004639267455786467, -0.004475838504731655, -0.004312409553676844, -0.004148980602622032, -0.003985552117228508, -0.0038221231661736965, -0.003658694215118885, -0.003495265496894717, -0.0033318367786705494, -0.003168407827615738, -0.0030049788765609264, -0.0028415501583367586, -0.002678121440112591, -0.0025146924890577793, -0.002351263538002968, -0.0021878348197788, -0.002024406101554632, -0.0018609766848385334, -0.0016975478501990438, -0.001534119015559554, -0.0013706901809200644, -0.0012072613462805748, -0.0010438325116410851, -0.0008804036770015955, -0.0007169748423621058, -0.0005535460077226162, -0.00039011717308312654, -0.0002266883384436369, -6.325950380414724e-05, 0.00010016933083534241, 0.00026359816547483206, 0.0004270270001143217, 0.0005904558347538114, 0.000753884669393301, 0.0009173135040327907, 0.0010807423386722803, 0.00124417117331177, 0.0014076000079512596, 0.0015710288425907493, 0.001734457677230239, 0.0018978865118697286, 0.002061315346509218, 0.0022247442975640297, 0.0023881730157881975, 0.0025516017340123653, 0.002715030685067177, 0.0028784596361219883, 0.003041888354346156, 0.003205317072570324, 0.0033687460236251354]}, "gradients/l2.weight": {"_type": "histogram", "values": [2.0, 0.0, 1.0, 2.0, 4.0, 1.0, 4.0, 4.0, 3.0, 6.0, 3.0, 8.0, 15.0, 14.0, 12.0, 25.0, 25.0, 24.0, 28.0, 47.0, 67.0, 71.0, 82.0, 101.0, 143.0, 169.0, 194.0, 237.0, 317.0, 314.0, 459.0, 552.0, 689.0, 863.0, 1069.0, 1329.0, 1776.0, 2220.0, 2904.0, 3919.0, 4773.0, 6410.0, 220288.0, 4905.0, 2674.0, 1789.0, 1194.0, 726.0, 469.0, 351.0, 243.0, 187.0, 138.0, 95.0, 72.0, 38.0, 31.0, 18.0, 12.0, 11.0, 7.0, 4.0, 2.0, 4.0], "bins": [-0.0012679056962952018, -0.0012382423738017678, -0.0012085790513083339, -0.0011789157288149, -0.001149252406321466, -0.001119589083828032, -0.001089925761334598, -0.0010602624388411641, -0.0010305991163477302, -0.0010009357938542962, -0.0009712724713608623, -0.0009416091488674283, -0.0009119458263739944, -0.0008822825038805604, -0.0008526191813871264, -0.0008229558588936925, -0.0007932924781925976, -0.0007636291556991637, -0.0007339658332057297, -0.0007043025107122958, -0.0006746391882188618, -0.0006449758657254279, -0.000615312485024333, -0.000585649162530899, -0.0005559858400374651, -0.0005263225175440311, -0.0004966591950505972, -0.00046699587255716324, -0.0004373325500637293, -0.00040766922757029533, -0.0003780058759730309, -0.00034834255347959697, -0.0003186793182976544, -0.00028901599580422044, -0.0002593526733107865, -0.0002296893362654373, -0.00020002601377200335, -0.0001703626912785694, -0.00014069935423322022, -0.00011103603173978627, -8.137270924635231e-05, -5.1709383114939556e-05, -2.2046056983526796e-05, 7.61727278586477e-06, 3.728059527929872e-05, 6.694391777273268e-05, 9.660725481808186e-05, 0.0001262705773115158, 0.00015593389980494976, 0.0001855972222983837, 0.00021526054479181767, 0.0002449238672852516, 0.00027458718977868557, 0.0003042505122721195, 0.00033391386386938393, 0.0003635771863628179, 0.00039324050885625184, 0.0004229038313496858, 0.00045256715384311974, 0.00048223050544038415, 0.0005118938279338181, 0.0005415571504272521, 0.000571220472920686, 0.00060088379541412, 0.0006305471179075539]}, "gradients/l1.bias": {"_type": "histogram",