{"Accuracy": 0.016611086204648018, "Loss": 0.9935547113418579, "Val Accuracy": 1.1929078102111816, "Val Loss": 0.6995798349380493, "_timestamp": 1653009292, "_runtime": 66, "_step": 0, "_wandb": {"runtime": 67}}