{"gradients/l3.bias": {"_type": "histogram", "values": [1.0, 0.0, 0.0, 0.0, 0.0, 0.0, 0.0, 0.0, 0.0, 0.0, 0.0, 0.0, 0.0, 0.0, 0.0, 0.0, 0.0, 0.0, 0.0, 0.0, 0.0, 0.0, 0.0, 0.0, 0.0, 0.0, 0.0, 0.0, 0.0, 0.0, 0.0, 0.0, 0.0, 0.0, 0.0, 0.0, 0.0, 0.0, 0.0, 0.0, 0.0, 0.0, 0.0, 0.0, 0.0, 0.0, 0.0, 0.0, 0.0, 0.0, 0.0, 0.0, 0.0, 0.0, 0.0, 0.0, 0.0, 0.0, 0.0, 0.0, 0.0, 0.0, 0.0, 1.0], "bins": [-0.0054605016484856606, -0.005289861001074314, -0.005119220353662968, -0.004948579240590334, -0.0047779385931789875, -0.004607297945767641, -0.004436656832695007, -0.004266016185283661, -0.0040953755378723145, -0.003924734890460968, -0.003754094010218978, -0.003583453129976988, -0.0034128124825656414, -0.003242171835154295, -0.003071530954912305, -0.002900890074670315, -0.0027302494272589684, -0.002559608779847622, -0.002388967899605632, -0.0022183270193636417, -0.0020476863719522953, -0.001877045608125627, -0.0017064048442989588, -0.0015357640804722905, -0.0013651233166456223, -0.001194482552818954, -0.0010238417889922857, -0.0008532010251656175, -0.0006825602613389492, -0.0005119194975122809, -0.0003412787336856127, -0.00017063796985894442, 3.259629011154175e-09, 0.00017064402345567942, 0.0003412847872823477, 0.0005119255511090159, 0.0006825663149356842, 0.0008532070787623525, 0.0010238478425890207, 0.001194488606415689, 0.0013651293702423573, 0.0015357701340690255, 0.0017064108978956938, 0.001877051661722362, 0.0020476924255490303, 0.0022183330729603767, 0.002388973953202367, 0.002559614833444357, 0.0027302554808557034, 0.00290089612826705, 0.00307153700850904, 0.00324217788875103, 0.0034128185361623764, 0.003583459183573723, 0.003754100063815713, 0.003924740944057703, 0.0040953815914690495, 0.004266022238880396, 0.00443666335195303, 0.004607303999364376, 0.0047779446467757225, 0.004948585294187069, 0.005119225941598415, 0.005289867054671049, 0.0054605077020823956]}, "_timestamp": 1652850467, "_runtime": 98, "gradients/l3.weight": {"_type": "histogram", "values": [1.0, 0.0, 1.0, 1.0, 1.0, 2.0, 1.0, 1.0, 0.0, 1.0, 3.0, 3.0, 5.0, 1.0, 3.0, 6.0, 3.0, 5.0, 10.0, 7.0, 6.0, 7.0, 7.0, 8.0, 3.0, 7.0, 8.0, 3.0, 8.0, 10.0, 15.0, 60.0, 178.0, 15.0, 10.0, 8.0, 3.0, 8.0, 7.0, 3.0, 8.0, 7.0, 7.0, 6.0, 7.0, 10.0, 5.0, 3.0, 6.0, 3.0, 1.0, 5.0, 3.0, 3.0, 1.0, 0.0, 1.0, 1.0, 2.0, 1.0, 1.0, 1.0, 0.0, 1.0], "bins": [-0.021207746118307114, -0.020545003935694695, -0.019882261753082275, -0.019219519570469856, -0.018556777387857437, -0.017894035205245018, -0.0172312930226326, -0.01656855270266533, -0.01590580865740776, -0.015243066474795341, -0.014580324292182922, -0.013917582109570503, -0.013254839926958084, -0.012592097744345665, -0.01192935649305582, -0.011266614310443401, -0.010603873059153557, -0.009941130876541138, -0.009278388693928719, -0.0086156465113163, -0.00795290432870388, -0.0072901626117527485, -0.006627420894801617, -0.0059646787121891975, -0.005301936529576778, -0.004639194346964359, -0.00397645216435194, -0.0033137104474008083, -0.002650968264788389, -0.00198822608217597, -0.0013254843652248383, -0.0006627421826124191, -1.862645149230957e-09, 0.0006627402035519481, 0.0013254822697490454, 0.001988224219530821, 0.00265096640214324, 0.003313708584755659, 0.003976450301706791, 0.00463919248431921, 0.005301934666931629, 0.005964676849544048, 0.0066274190321564674, 0.007290160749107599, 0.007952902466058731, 0.00861564464867115, 0.00927838683128357, 0.009941129013895988, 0.010603871196508408, 0.011266613379120827, 0.011929355561733246, 0.012592097744345665, 0.013254839926958084, 0.013917582109570503, 0.014580323360860348, 0.015243065543472767, 0.01590580865740776, 0.01656855084002018, 0.0172312930226326, 0.017894035205245018, 0.018556777387857437, 0.019219519570469856, 0.019882261753082275, 0.020545002073049545, 0.021207744255661964]}, "gradients/l2.bias": {"_type": "histogram", "values": [1.0, 2.0, 0.0, 0.0, 1.0, 2.0, 2.0, 1.0, 3.0, 4.0, 1.0, 6.0, 5.0, 1.0, 4.0, 1.0, 3.0, 2.0, 4.0, 6.0, 2.0, 4.0, 1.0, 0.0, 5.0, 5.0, 4.0, 91.0, 6.0, 9.0, 9.0, 7.0, 4.0, 4.0, 7.0, 2.0, 4.0, 2.0, 5.0, 2.0, 2.0, 2.0, 5.0, 6.0, 2.0, 3.0, 1.0, 1.0, 1.0, 1.0, 2.0, 1.0, 3.0, 0.0, 0.0, 1.0, 0.0, 0.0, 0.0, 0.0, 0.0, 1.0, 0.0, 2.0], "bins": [-0.03279987722635269, -0.03159303963184357, -0.03038620576262474, -0.029179368168115616, -0.02797253243625164, -0.026765696704387665, -0.02555886097252369, -0.024352025240659714, -0.02314518764615059, -0.021938351914286613, -0.020731516182422638, -0.019524678587913513, -0.018317842856049538, -0.017111007124185562, -0.015904171392321587, -0.014697334729135036, -0.013490499928593636, -0.01228366419672966, -0.01107682753354311, -0.009869991801679134, -0.008663155138492584, -0.007456319406628609, -0.006249483674764633, -0.005042647011578083, -0.0038358112797141075, -0.0026289750821888447, -0.0014221391174942255, -0.00021530315279960632, 0.0009915330447256565, 0.0021983692422509193, 0.003405204974114895, 0.004612041637301445, 0.0058188773691654205, 0.007025713566690683, 0.008232549764215946, 0.009439385496079922, 0.010646222159266472, 0.011853057891130447, 0.013059893622994423, 0.014266730286180973, 0.015473566018044949, 0.0166804026812315, 0.017887238413095474, 0.01909407414495945, 0.020300909876823425, 0.02150774747133255, 0.022714581340551376, 0.0239214189350605, 0.025128254666924477, 0.026335090398788452, 0.027541926130652428, 0.028748761862516403, 0.029955599457025528, 0.031162435188889503, 0.03236927092075348, 0.033576108515262604, 0.03478294238448143, 0.035989779978990555, 0.03719661384820938, 0.038403451442718506, 0.03961028531193733, 0.04081712290644646, 0.04202395677566528, 0.04323079437017441, 0.04443763196468353]}, "gradients/l2.weight": {"_type": "histogram", "values": [1.0, 1.0, 0.0, 1.0, 1.0, 4.0, 0.0, 1.0, 4.0, 5.0, 2.0, 6.0, 4.0, 15.0, 8.0, 16.0, 16.0, 17.0, 17.0, 31.0, 35.0, 65.0, 62.0, 90.0, 96.0, 123.0, 155.0, 178.0, 230.0, 407.0, 61856.0, 656.0, 223.0, 183.0, 202.0, 159.0, 131.0, 108.0, 72.0, 71.0, 47.0, 34.0, 34.0, 31.0, 20.0, 13.0, 13.0, 16.0, 17.0, 13.0, 8.0, 7.0, 8.0, 5.0, 3.0, 4.0, 0.0, 6.0, 0.0, 1.0, 1.0, 0.0, 0.0, 3.0], "bins": [-0.05893513560295105, -0.057020895183086395, -0.05510665103793144, -0.05319240689277649, -0.051278166472911835, -0.04936392605304718, -0.04744968190789223, -0.045535437762737274, -0.04362119734287262, -0.041706956923007965, -0.03979271277785301, -0.03787846863269806, -0.035964228212833405, -0.03404998779296875, -0.0321357436478138, -0.030221501365303993, -0.02830725908279419, -0.026393016800284386, -0.024478774517774582, -0.022564532235264778, -0.020650289952754974, -0.01873604767024517, -0.016821805387735367, -0.014907563105225563, -0.01299332082271576, -0.011079078540205956, -0.009164836257696152, -0.007250593975186348, -0.005336351692676544, -0.0034221094101667404, -0.0015078671276569366, 0.0004063751548528671, 0.002320617437362671, 0.004234859719872475, 0.0061491020023822784, 0.008063344284892082, 0.009977586567401886, 0.01189182884991169, 0.013806071132421494, 0.015720313414931297, 0.0176345556974411, 0.019548797979950905, 0.02146304026246071, 0.023377282544970512, 0.025291524827480316, 0.02720576710999012, 0.029120009392499924, 0.031034251675009727, 0.03294849395751953, 0.034862734377384186, 0.03677697852253914, 0.03869122266769409, 0.040605463087558746, 0.0425197035074234, 0.044433947652578354, 0.04634819179773331, 0.04826243221759796, 0.050176672637462616, 0.05209091678261757, 0.05400516092777252, 0.055919401347637177, 0.05783364176750183, 0.059747885912656784, 0.06166213005781174, 0.06357637047767639]}, "gradients/l1.bias": {"_type": "histogram", "values": [1.0, 0.0, 0.0, 2.0, 1.0, 1.0, 0.0, 1.0, 0.0, 2.0, 2.0, 2.0, 2.0, 1.0, 4.0, 8.0, 209.0, 4.0, 3.0, 5.0, 0.0, 0.0, 0.0, 0.0, 0.0, 1.0, 0.0, 1.0, 0.0, 1.0, 0.0, 0.0, 0.0, 1.0, 0.0, 1.0, 0.0, 1.0, 0.0, 0.0, 0.0, 0.0, 0.0, 1.0, 0.0, 0.0, 0.0, 0.0, 0.0, 0.0, 0.0, 0.0, 0.0, 0.0, 0.0, 0.0, 0.0, 0.0, 0.0, 0.0, 0.0, 0.0, 0.0, 1.0],