{"Accuracy": 0.005041147116571665, "Loss": 0.9969174861907959, "Val Accuracy": 3.0820538997650146, "Val Loss": 0.680672287940979, "_timestamp": 1652858162, "_runtime": 589, "_step": 0, "_wandb": {"runtime": 589}}