{"gradients/l3.bias": {"_type": "histogram", "values": [1.0, 0.0, 0.0, 0.0, 0.0, 0.0, 0.0, 0.0, 0.0, 0.0, 0.0, 0.0, 0.0, 0.0, 0.0, 0.0, 0.0, 0.0, 0.0, 0.0, 0.0, 0.0, 0.0, 0.0, 0.0, 0.0, 0.0, 0.0, 0.0, 0.0, 0.0, 0.0, 0.0, 0.0, 0.0, 0.0, 0.0, 0.0, 0.0, 0.0, 0.0, 0.0, 0.0, 0.0, 0.0, 0.0, 0.0, 0.0, 0.0, 0.0, 0.0, 0.0, 0.0, 0.0, 0.0, 0.0, 0.0, 0.0, 0.0, 0.0, 0.0, 0.0, 0.0, 1.0], "bins": [-0.007485550828278065, -0.007251627277582884, -0.007017703726887703, -0.006783780176192522, -0.006549856625497341, -0.006315932609140873, -0.006082009058445692, -0.005848085507750511, -0.00561416195705533, -0.005380238406360149, -0.0051463148556649685, -0.004912391304969788, -0.004678467288613319, -0.004444544203579426, -0.004210620187222958, -0.003976696636527777, -0.003742773085832596, -0.003508849535137415, -0.003274925984442234, -0.0030410022009164095, -0.0028070786502212286, -0.0025731550995260477, -0.002339231316000223, -0.0021053077653050423, -0.0018713842146098614, -0.0016374606639146805, -0.0014035369968041778, -0.001169613329693675, -0.0009356897789984941, -0.0007017662283033133, -0.00046784256119281054, -0.00023391889408230782, 5.122274160385132e-09, 0.0002339287311770022, 0.000467852340079844, 0.0007017759489826858, 0.0009356995578855276, 0.0011696231085807085, 0.0014035467756912112, 0.001637470442801714, 0.0018713939934968948, 0.0021053175441920757, 0.0023392410948872566, 0.002573164878413081, 0.002807088429108262, 0.003041011979803443, 0.0032749357633292675, 0.0035088593140244484, 0.0037427828647196293, 0.00397670641541481, 0.004210629966109991, 0.004444553516805172, 0.00467847753316164, 0.004912400618195534, 0.005146324634552002, 0.005380248185247183, 0.005614171735942364, 0.005848095286637545, 0.0060820188373327255, 0.006315942388027906, 0.006549865938723087, 0.0067837899550795555, 0.007017713505774736, 0.007251637056469917, 0.007485560607165098]}, "_timestamp": 1652851309, "_runtime": 57, "gradients/l3.weight": {"_type": "histogram", "values": [1.0, 1.0, 0.0, 0.0, 0.0, 0.0, 2.0, 0.0, 3.0, 1.0, 1.0, 0.0, 0.0, 1.0, 2.0, 2.0, 4.0, 3.0, 2.0, 5.0, 4.0, 3.0, 11.0, 2.0, 6.0, 7.0, 8.0, 9.0, 11.0, 15.0, 13.0, 70.0, 208.0, 13.0, 15.0, 11.0, 9.0, 8.0, 7.0, 6.0, 2.0, 11.0, 3.0, 4.0, 5.0, 2.0, 3.0, 4.0, 2.0, 2.0, 1.0, 0.0, 0.0, 1.0, 1.0, 3.0, 0.0, 2.0, 0.0, 0.0, 0.0, 0.0, 1.0, 1.0], "bins": [-0.01036134921014309, -0.0100375572219491, -0.009713765233755112, -0.009389972314238548, -0.00906618032604456, -0.00874238833785057, -0.008418596349656582, -0.008094804361462593, -0.007771011907607317, -0.007447219919413328, -0.007123427465558052, -0.006799635477364063, -0.0064758434891700745, -0.006152051035314798, -0.0058282590471208096, -0.0055044665932655334, -0.005180674605071545, -0.004856882616877556, -0.00453309016302228, -0.004209298174828291, -0.0038855059538036585, -0.003561713732779026, -0.0032379217445850372, -0.0029141295235604048, -0.0025903373025357723, -0.00226654508151114, -0.0019427529769018292, -0.0016189608722925186, -0.0012951686512678862, -0.0009713764302432537, -0.0006475843256339431, -0.00032379222102463245, 0.0, 0.00032379216281697154, 0.0006475843256339431, 0.0009713764884509146, 0.0012951686512678862, 0.0016189608722925186, 0.0019427529769018292, 0.00226654508151114, 0.0025903373025357723, 0.0029141295235604048, 0.0032379217445850372, 0.003561713732779026, 0.0038855059538036585, 0.004209298174828291, 0.00453309016302228, 0.004856882616877556, 0.005180674605071545, 0.0055044665932655334, 0.0058282590471208096, 0.006152051035314798, 0.0064758434891700745, 0.006799635477364063, 0.007123427465558052, 0.007447219453752041, 0.007771011907607317, 0.008094804361462593, 0.008418596349656582, 0.00874238833785057, 0.00906618032604456, 0.009389972314238548, 0.009713765233755112, 0.0100375572219491, 0.01036134921014309]}, "gradients/l2.bias": {"_type": "histogram", "values": [1.0, 1.0, 2.0, 0.0, 1.0, 1.0, 1.0, 2.0, 5.0, 3.0, 2.0, 4.0, 2.0, 2.0, 5.0, 4.0, 3.0, 5.0, 10.0, 11.0, 12.0, 13.0, 107.0, 8.0, 10.0, 7.0, 3.0, 3.0, 4.0, 6.0, 1.0, 4.0, 2.0, 1.0, 0.0, 1.0, 0.0, 2.0, 1.0, 1.0, 1.0, 0.0, 0.0, 2.0, 0.0, 0.0, 1.0, 0.0, 0.0, 0.0, 0.0, 0.0, 0.0, 0.0, 0.0, 0.0, 0.0, 0.0, 0.0, 0.0, 0.0, 0.0, 0.0, 1.0], "bins": [-0.04881850630044937, -0.04662679135799408, -0.044435080140829086, -0.042243365198373795, -0.0400516539812088, -0.03785993903875351, -0.03566822409629822, -0.033476512879133224, -0.03128480166196823, -0.02909308858215809, -0.026901375502347946, -0.024709660559892654, -0.02251794934272766, -0.02032623440027237, -0.018134521320462227, -0.015942808240652084, -0.013751093298196793, -0.01155938021838665, -0.009367667138576508, -0.0071759531274437904, -0.004984240047633648, -0.0027925269678235054, -0.0006008129566907883, 0.0015909001231193542, 0.0037826132029294968, 0.005974326282739639, 0.008166039362549782, 0.010357753373682499, 0.012549466453492641, 0.014741179533302784, 0.0169328935444355, 0.019124606624245644, 0.021316319704055786, 0.02350803278386593, 0.02569974586367607, 0.027891460806131363, 0.030083172023296356, 0.03227488696575165, 0.03446660190820694, 0.03665831312537193, 0.038850024342536926, 0.04104173928499222, 0.04323345050215721, 0.0454251654446125, 0.047616876661777496, 0.04980859160423279, 0.05200030654668808, 0.05419201776385307, 0.056383732706308365, 0.05857544764876366, 0.06076715886592865, 0.06295887380838394, 0.06515058875083923, 0.06734229624271393, 0.06953401118516922, 0.07172572612762451, 0.0739174410700798, 0.0761091560125351, 0.07830087095499039, 0.08049257844686508, 0.08268429338932037, 0.08487600833177567, 0.08706772327423096, 0.08925943076610565, 0.09145114570856094]}, "gradients/l2.weight": {"_type": "histogram", "values": [1.0, 0.0, 0.0, 2.0, 3.0, 3.0, 3.0, 3.0, 4.0, 1.0, 11.0, 4.0, 12.0, 6.0, 14.0, 20.0, 33.0, 71.0, 118.0, 152.0, 236.0, 415.0, 1236.0, 62201.0, 332.0, 200.0, 128.0, 73.0, 74.0, 42.0, 37.0, 23.0, 10.0, 9.0, 17.0, 12.0, 6.0, 4.0, 4.0, 1.0, 2.0, 2.0, 3.0, 1.0, 0.0, 2.0, 0.0, 0.0, 3.0, 0.0, 1.0, 0.0, 0.0, 0.0, 0.0, 0.0, 0.0, 0.0, 0.0, 0.0, 0.0, 0.0, 0.0, 1.0], "bins": [-0.036748819053173065, -0.03516647219657898, -0.033584125339984894, -0.03200178220868111, -0.03041943535208702, -0.028837088495492935, -0.027254743501544, -0.025672398507595062, -0.024090051651000977, -0.02250770479440689, -0.020925359800457954, -0.019343014806509018, -0.017760667949914932, -0.016178321093320847, -0.01459597609937191, -0.013013630174100399, -0.011431284248828888, -0.009848938323557377, -0.008266592398285866, -0.006684246473014355, -0.005101900547742844, -0.0035195546224713326, -0.0019372086971998215, -0.0003548627719283104, 0.0012274831533432007, 0.0028098290786147118, 0.004392175003886223, 0.005974520929157734, 0.007556866854429245, 0.009139212779700756, 0.010721558704972267, 0.012303904630243778, 0.01388625055551529, 0.0154685964807868, 0.01705094240605831, 0.018633287400007248, 0.020215634256601334, 0.02179798111319542, 0.023380326107144356, 0.024962671101093292, 0.026545017957687378, 0.028127364814281464, 0.0297097098082304, 0.03129205480217934, 0.03287440165877342, 0.03445674851536751, 0.036039091646671295, 0.03762143850326538, 0.03920378535985947, 0.04078613221645355, 0.04236847907304764, 0.043950822204351425, 0.04553316906094551, 0.0471155159175396, 0.048697859048843384, 0.05028020590543747, 0.051862552762031555, 0.05344489961862564, 0.05502724647521973, 0.056609589606523514, 0.0581919364631176, 0.059774283319711685, 0.06135662645101547, 0.06293897330760956, 0.06452132016420364]}, "gradients/l1.bias": {"_type": "histogram", "values": [1.0, 0.0, 0.0, 0.0, 0.0, 0.0, 0.0, 0.0, 0.0, 0.0, 0.0, 0.0, 0.0, 0.0, 0.0, 0.0, 0.0, 0.0, 0.0, 0.0, 0.0, 0.0, 0.0, 0.0, 1.0, 1.0, 1.0, 1.0, 3.0, 1.0, 3.0, 2.0, 6.0, 3.0, 7.0, 196.0, 5.0, 2.0, 1.0, 3.0, 2.0, 1.0, 2.0, 4.0, 1.0, 2.0, 0.0, 2.0, 0.0, 0.0, 0.0, 1.0, 0.0, 1.0, 1.0, 0.0, 0.0, 1.0, 0.0, 0.0, 0.0, 0.0, 0.0, 1.0],