{"gradients/l3.bias": {"_type": "histogram", "values": [1.0, 0.0, 0.0, 0.0, 0.0, 0.0, 0.0, 0.0, 0.0, 0.0, 0.0, 0.0, 0.0, 0.0, 0.0, 0.0, 0.0, 0.0, 0.0, 0.0, 0.0, 0.0, 0.0, 0.0, 0.0, 0.0, 0.0, 0.0, 0.0, 0.0, 0.0, 0.0, 0.0, 0.0, 0.0, 0.0, 0.0, 0.0, 0.0, 0.0, 0.0, 0.0, 0.0, 0.0, 0.0, 0.0, 0.0, 0.0, 0.0, 0.0, 0.0, 0.0, 0.0, 0.0, 0.0, 0.0, 0.0, 0.0, 0.0, 0.0, 0.0, 0.0, 0.0, 1.0], "bins": [-0.008240999653935432, -0.007983468472957611, -0.00772593729197979, -0.007468406111001968, -0.007210874930024147, -0.006953343749046326, -0.006695812102407217, -0.006438280921429396, -0.006180749740451574, -0.005923218559473753, -0.005665687378495932, -0.00540815619751811, -0.005150624550879002, -0.00489309336990118, -0.004635562188923359, -0.004378031007945538, -0.004120499826967716, -0.003862968645989895, -0.0036054374650120735, -0.0033479060512036085, -0.003090374870225787, -0.002832843689247966, -0.002575312275439501, -0.0023177810944616795, -0.002060249913483858, -0.0018027187325060368, -0.0015451874351128936, -0.0012876561377197504, -0.001030124956741929, -0.0007725937757641077, -0.0005150624783709645, -0.00025753118097782135, 0.0, 0.00025753123918548226, 0.0005150624783709645, 0.0007725937175564468, 0.001030124956741929, 0.0012876561377197504, 0.0015451874351128936, 0.0018027187325060368, 0.002060249913483858, 0.0023177810944616795, 0.002575312275439501, 0.002832843689247966, 0.003090374870225787, 0.0033479060512036085, 0.0036054374650120735, 0.003862968645989895, 0.004120499826967716, 0.004378031007945538, 0.004635562188923359, 0.00489309336990118, 0.005150624550879002, 0.005408155731856823, 0.005665687378495932, 0.005923218559473753, 0.006180749740451574, 0.006438280921429396, 0.006695812102407217, 0.006953343283385038, 0.007210874930024147, 0.007468406111001968, 0.00772593729197979, 0.007983468472957611, 0.008240999653935432]}, "_timestamp": 1652851353, "_runtime": 101, "gradients/l3.weight": {"_type": "histogram", "values": [1.0, 1.0, 0.0, 1.0, 0.0, 1.0, 0.0, 0.0, 1.0, 0.0, 1.0, 0.0, 0.0, 0.0, 0.0, 1.0, 1.0, 0.0, 0.0, 2.0, 0.0, 0.0, 3.0, 1.0, 2.0, 1.0, 2.0, 1.0, 0.0, 6.0, 22.0, 156.0, 260.0, 22.0, 6.0, 0.0, 1.0, 2.0, 1.0, 2.0, 1.0, 3.0, 0.0, 0.0, 2.0, 0.0, 0.0, 1.0, 1.0, 0.0, 0.0, 0.0, 0.0, 1.0, 0.0, 1.0, 0.0, 0.0, 1.0, 0.0, 1.0, 0.0, 1.0, 1.0], "bins": [-0.00832006148993969, -0.008060059510171413, -0.007800057530403137, -0.007540055550634861, -0.007280053570866585, -0.0070200515910983086, -0.00676005007699132, -0.0065000480972230434, -0.006240046117454767, -0.005980044137686491, -0.005720042157918215, -0.005460040178149939, -0.00520003866404295, -0.0049400366842746735, -0.004680034704506397, -0.004420032724738121, -0.004160030744969845, -0.0039000287652015686, -0.0036400267854332924, -0.00338002503849566, -0.0031200230587273836, -0.0028600210789591074, -0.002600019332021475, -0.0023400173522531986, -0.0020800153724849224, -0.0018200133927166462, -0.0015600115293636918, -0.0013000096660107374, -0.0010400076862424612, -0.000780005706474185, -0.0005200038431212306, -0.0002600019797682762, 9.313225746154785e-10, 0.0002600028528831899, 0.0005200047744438052, 0.0007800066960044205, 0.0010400086175650358, 0.001300010597333312, 0.0015600124606862664, 0.0018200143240392208, 0.002080016303807497, 0.0023400182835757732, 0.0026000202633440495, 0.002860022010281682, 0.0031200239900499582, 0.0033800259698182344, 0.003640027716755867, 0.0039000296965241432, 0.004160031676292419, 0.004420033656060696, 0.004680035635828972, 0.004940037615597248, 0.005200039595365524, 0.0054600415751338005, 0.005720043089240789, 0.005980045069009066, 0.006240047048777342, 0.006500049028545618, 0.006760051008313894, 0.0070200529880821705, 0.007280054502189159, 0.007540056481957436, 0.007800058461725712, 0.008060060441493988, 0.008320062421262264]}, "gradients/l2.bias": {"_type": "histogram", "values": [2.0, 0.0, 0.0, 1.0, 0.0, 0.0, 0.0, 0.0, 1.0, 1.0, 1.0, 2.0, 1.0, 0.0, 0.0, 1.0, 0.0, 1.0, 0.0, 0.0, 0.0, 0.0, 1.0, 1.0, 1.0, 0.0, 2.0, 1.0, 0.0, 0.0, 5.0, 6.0, 36.0, 41.0, 105.0, 29.0, 5.0, 0.0, 1.0, 0.0, 0.0, 0.0, 0.0, 0.0, 0.0, 1.0, 0.0, 1.0, 0.0, 0.0, 1.0, 0.0, 0.0, 0.0, 1.0, 0.0, 3.0, 0.0, 1.0, 1.0, 0.0, 0.0, 0.0, 2.0], "bins": [-0.026004035025835037, -0.025239678099751472, -0.024475323036313057, -0.023710966110229492, -0.022946611046791077, -0.022182254120707512, -0.021417897194623947, -0.02065354213118553, -0.019889187067747116, -0.01912483014166355, -0.018360475078225136, -0.01759611815214157, -0.016831763088703156, -0.01606740616261959, -0.0153030501678586, -0.01453869417309761, -0.013774337247014046, -0.013009981252253056, -0.012245625257492065, -0.0114812683314085, -0.010716913267970085, -0.00995255634188652, -0.00918820034712553, -0.00842384435236454, -0.00765948835760355, -0.00689513236284256, -0.00613077636808157, -0.005366419907659292, -0.004602063912898302, -0.003837707918137312, -0.0030733514577150345, -0.0023089954629540443, -0.0015446413308382034, -0.0007802852196618915, -1.592910848557949e-05, 0.0007484271191060543, 0.0015127831138670444, 0.0022771391086280346, 0.003041495569050312, 0.003805851563811302, 0.004570207558572292, 0.0053345635533332825, 0.006098919548094273, 0.00686327600851655, 0.00762763200327754, 0.008391987532377243, 0.009156344458460808, 0.009920700453221798, 0.010685056447982788, 0.011449412442743778, 0.012213768437504768, 0.012978125363588333, 0.013742480427026749, 0.014506837353110313, 0.015271193347871304, 0.016035549342632294, 0.01679990440607071, 0.017564261332154274, 0.01832861639559269, 0.019092973321676254, 0.01985732838511467, 0.020621685311198235, 0.0213860422372818, 0.022150397300720215, 0.02291475422680378]}, "gradients/l2.weight": {"_type": "histogram", "values": [1.0, 0.0, 2.0, 0.0, 0.0, 1.0, 1.0, 1.0, 1.0, 1.0, 0.0, 2.0, 4.0, 4.0, 6.0, 4.0, 3.0, 6.0, 6.0, 9.0, 14.0, 14.0, 11.0, 12.0, 23.0, 33.0, 22.0, 35.0, 32.0, 32.0, 39.0, 53.0, 73.0, 181.0, 63851.0, 721.0, 53.0, 20.0, 22.0, 24.0, 19.0, 26.0, 21.0, 23.0, 25.0, 17.0, 20.0, 8.0, 12.0, 7.0, 4.0, 6.0, 6.0, 3.0, 2.0, 4.0, 5.0, 1.0, 3.0, 0.0, 3.0, 2.0, 1.0, 1.0], "bins": [-0.02653081901371479, -0.025769434869289398, -0.025008050724864006, -0.024246666580438614, -0.02348528429865837, -0.02272390015423298, -0.021962516009807587, -0.021201131865382195, -0.020439747720956802, -0.01967836357653141, -0.018916979432106018, -0.018155597150325775, -0.017394213005900383, -0.01663282886147499, -0.0158714447170496, -0.015110060572624207, -0.014348678290843964, -0.013587294146418571, -0.012825910933315754, -0.012064526788890362, -0.011303143575787544, -0.010541759431362152, -0.00978037528693676, -0.009018991142511368, -0.00825760792940855, -0.007496224250644445, -0.006734840571880341, -0.005973456427454948, -0.005212072748690844, -0.004450689069926739, -0.0036893049255013466, -0.0029279212467372417, -0.002166537567973137, -0.0014051537727937102, -0.0006437699776142836, 0.00011761393398046494, 0.0008789976127445698, 0.0016403812915086746, 0.0024017654359340668, 0.0031631491146981716, 0.0039245327934622765, 0.004685916472226381, 0.005447300150990486, 0.006208684295415878, 0.006970067974179983, 0.007731451652944088, 0.00849283579736948, 0.009254219010472298, 0.01001560315489769, 0.010776987299323082, 0.0115383705124259, 0.012299754656851292, 0.01306113786995411, 0.013822522014379501, 0.014583906158804893, 0.015345290303230286, 0.01610667258501053, 0.01686805672943592, 0.017629440873861313, 0.018390823155641556, 0.019152207300066948, 0.01991359144449234, 0.020674975588917732, 0.021436359733343124, 0.022197743877768517]}, "gradients/l1.bias": {"_type": "histogram", "values": [1.0, 0.0, 0.0, 0.0, 0.0, 0.0, 0.0, 0.0, 0.0, 0.0, 0.0, 0.0, 0.0, 0.0, 0.0, 0.0, 0.0, 0.0, 0.0, 0.0, 0.0, 0.0, 0.0, 0.0, 0.0, 0.0, 0.0, 0.0, 0.0, 0.0, 0.0, 0.0, 0.0, 0.0, 0.0, 0.0, 0.0, 0.0, 1.0, 0.0, 2.0, 0.0, 0.0, 0.0, 1.0, 1.0, 0.0, 1.0, 3.0, 2.0, 5.0, 216.0, 6.0, 6.0, 0.0, 3.0, 2.0, 2.0, 1.0, 1.0, 0.0, 0.0, 0.0, 2.0],