{"gradients/l3.bias": {"_type": "histogram", "values": [1.0, 0.0, 0.0, 0.0, 0.0, 0.0, 0.0, 0.0, 0.0, 0.0, 0.0, 0.0, 0.0, 0.0, 0.0, 0.0, 0.0, 0.0, 0.0, 0.0, 0.0, 0.0, 0.0, 0.0, 0.0, 0.0, 0.0, 0.0, 0.0, 0.0, 0.0, 0.0, 0.0, 0.0, 0.0, 0.0, 0.0, 0.0, 0.0, 0.0, 0.0, 0.0, 0.0, 0.0, 0.0, 0.0, 0.0, 0.0, 0.0, 0.0, 0.0, 0.0, 0.0, 0.0, 0.0, 0.0, 0.0, 0.0, 0.0, 0.0, 0.0, 0.0, 0.0, 1.0], "bins": [-0.02473907358944416, -0.023965977132320404, -0.023192882537841797, -0.02241978608071804, -0.021646689623594284, -0.020873595029115677, -0.02010049857199192, -0.019327402114868164, -0.018554307520389557, -0.0177812110632658, -0.017008116468787193, -0.016235020011663437, -0.015461924485862255, -0.014688828960061073, -0.013915732502937317, -0.013142636977136135, -0.012369540520012379, -0.011596444994211197, -0.01082334853708744, -0.010050253011286259, -0.009277157485485077, -0.00850406102836132, -0.007730965502560139, -0.006957869976758957, -0.006184773985296488, -0.005411677993834019, -0.004638582468032837, -0.003865486476570368, -0.0030923907179385424, -0.002319294959306717, -0.0015461989678442478, -0.000773103442043066, -7.450580596923828e-09, 0.0007730883662588894, 0.0015461841830983758, 0.002319280058145523, 0.0030923758167773485, 0.003865471575409174, 0.004638567566871643, 0.005411663092672825, 0.006184759084135294, 0.006957855075597763, 0.007730950601398945, 0.008504046127200127, 0.009277142584323883, 0.010050238110125065, 0.010823333635926247, 0.011596430093050003, 0.012369525618851185, 0.013142621144652367, 0.013915717601776123, 0.014688813127577305, 0.015461908653378487, 0.016235005110502243, 0.01700809970498085, 0.017781196162104607, 0.018554292619228363, 0.01932738907635212, 0.020100483670830727, 0.020873580127954483, 0.02164667658507824, 0.022419771179556847, 0.023192867636680603, 0.02396596223115921, 0.024739058688282967]}, "_timestamp": 1652851306, "_runtime": 54, "gradients/l3.weight": {"_type": "histogram", "values": [1.0, 0.0, 0.0, 0.0, 1.0, 0.0, 0.0, 1.0, 0.0, 1.0, 2.0, 1.0, 0.0, 0.0, 1.0, 2.0, 0.0, 1.0, 1.0, 2.0, 3.0, 6.0, 1.0, 6.0, 5.0, 14.0, 9.0, 9.0, 10.0, 10.0, 22.0, 79.0, 215.0, 22.0, 10.0, 10.0, 9.0, 9.0, 14.0, 5.0, 6.0, 1.0, 6.0, 3.0, 2.0, 1.0, 1.0, 0.0, 2.0, 1.0, 0.0, 0.0, 1.0, 2.0, 1.0, 0.0, 1.0, 0.0, 0.0, 1.0, 0.0, 0.0, 0.0, 1.0], "bins": [-0.01129650603979826, -0.010943490080535412, -0.010590474121272564, -0.01023745909333229, -0.009884443134069443, -0.009531427174806595, -0.009178411215543747, -0.008825395256280899, -0.008472379297018051, -0.008119363337755203, -0.007766347844153643, -0.007413331884890795, -0.007060315925627947, -0.006707300432026386, -0.006354284472763538, -0.0060012685135006905, -0.00564825301989913, -0.005295237060636282, -0.004942221567034721, -0.0045892056077718735, -0.004236189648509026, -0.0038831739220768213, -0.003530158195644617, -0.003177142236381769, -0.002824126509949565, -0.0024711107835173607, -0.002118094824254513, -0.0017650790978223085, -0.0014120632549747825, -0.0010590474121272564, -0.0007060316856950521, -0.00035301572643220425, 0.0, 0.0003530158137436956, 0.0007060316274873912, 0.0010590474121272564, 0.0014120632549747825, 0.0017650790978223085, 0.002118094824254513, 0.0024711107835173607, 0.002824126509949565, 0.003177142236381769, 0.003530158195644617, 0.0038831739220768213, 0.004236189648509026, 0.0045892056077718735, 0.004942221567034721, 0.005295237526297569, 0.00564825301989913, 0.006001268979161978, 0.006354284472763538, 0.006707300432026386, 0.007060316391289234, 0.007413332350552082, 0.007766347844153643, 0.008119363337755203, 0.008472379297018051, 0.008825395256280899, 0.009178411215543747, 0.009531427174806595, 0.009884442202746868, 0.010237458162009716, 0.010590474121272564, 0.010943490080535412, 0.01129650603979826]}, "gradients/l2.bias": {"_type": "histogram", "values": [1.0, 0.0, 0.0, 0.0, 0.0, 0.0, 0.0, 0.0, 0.0, 0.0, 0.0, 1.0, 0.0, 0.0, 3.0, 2.0, 1.0, 2.0, 4.0, 6.0, 1.0, 4.0, 2.0, 0.0, 2.0, 3.0, 1.0, 3.0, 4.0, 6.0, 3.0, 5.0, 20.0, 119.0, 6.0, 4.0, 3.0, 3.0, 2.0, 2.0, 2.0, 5.0, 5.0, 5.0, 8.0, 2.0, 2.0, 4.0, 2.0, 2.0, 1.0, 0.0, 0.0, 1.0, 0.0, 1.0, 1.0, 0.0, 0.0, 0.0, 1.0, 0.0, 0.0, 1.0], "bins": [-0.05645155906677246, -0.054766327142715454, -0.053081098943948746, -0.05139586701989174, -0.04971063509583473, -0.048025406897068024, -0.04634017497301102, -0.04465494304895401, -0.0429697148501873, -0.041284482926130295, -0.039599254727363586, -0.03791402280330658, -0.03622879087924957, -0.034543562680482864, -0.03285833075642586, -0.031173100695014, -0.029487868770956993, -0.027802638709545135, -0.02611740678548813, -0.02443217672407627, -0.022746946662664413, -0.021061714738607407, -0.01937648467719555, -0.01769125461578369, -0.016006022691726685, -0.014320791698992252, -0.012635561637580395, -0.010950330644845963, -0.009265100583434105, -0.007579869590699673, -0.0058946385979652405, -0.004209408536553383, -0.0025241784751415253, -0.0008389478316530585, 0.0008462828118354082, 0.0025315135717391968, 0.004216744098812342, 0.005901974625885487, 0.007587205618619919, 0.009272435680031776, 0.010957666672766209, 0.012642897665500641, 0.014328127726912498, 0.016013357788324356, 0.017698589712381363, 0.01938381977379322, 0.021069049835205078, 0.022754281759262085, 0.024439511820673943, 0.0261247418820858, 0.027809973806142807, 0.029495203867554665, 0.031180433928966522, 0.03286566585302353, 0.034550897777080536, 0.036236125975847244, 0.03792135789990425, 0.03960658982396126, 0.041291818022727966, 0.04297704994678497, 0.04466228187084198, 0.04634751006960869, 0.048032741993665695, 0.049717970192432404, 0.05140320211648941]}, "gradients/l2.weight": {"_type": "histogram", "values": [1.0, 0.0, 0.0, 0.0, 0.0, 0.0, 0.0, 1.0, 0.0, 0.0, 0.0, 1.0, 0.0, 0.0, 1.0, 3.0, 1.0, 4.0, 5.0, 7.0, 6.0, 7.0, 15.0, 15.0, 12.0, 19.0, 31.0, 57.0, 77.0, 125.0, 195.0, 316.0, 756.0, 62786.0, 362.0, 206.0, 119.0, 125.0, 84.0, 65.0, 28.0, 21.0, 17.0, 12.0, 16.0, 11.0, 7.0, 4.0, 5.0, 6.0, 2.0, 0.0, 0.0, 0.0, 1.0, 0.0, 0.0, 2.0, 0.0, 1.0, 0.0, 0.0, 0.0, 1.0], "bins": [-0.036929428577423096, -0.03582688048481941, -0.03472433239221573, -0.033621784299612045, -0.03251923620700836, -0.03141669183969498, -0.030314143747091293, -0.02921159565448761, -0.028109047561883926, -0.027006499469280243, -0.02590395137667656, -0.024801405146718025, -0.023698857054114342, -0.022596308961510658, -0.021493762731552124, -0.02039121463894844, -0.019288666546344757, -0.018186118453741074, -0.01708357036113739, -0.015981024131178856, -0.014878476038575172, -0.013775927945971489, -0.01267338078469038, -0.011570833623409271, -0.010468285530805588, -0.009365737438201904, -0.008263190276920795, -0.007160642649978399, -0.006058095023036003, -0.004955547396093607, -0.003852999769151211, -0.0027504521422088146, -0.00164790078997612, -0.0005453531630337238, 0.0005571944639086723, 0.0016597420908510685, 0.0027622897177934647, 0.003864837344735861, 0.004967384971678257, 0.006069932598620653, 0.007172480225563049, 0.008275028318166733, 0.009377575479447842, 0.01048012264072895, 0.011582670733332634, 0.012685218825936317, 0.013787765987217426, 0.014890313148498535, 0.01599286124110222, 0.017095409333705902, 0.018197957426309586, 0.01930050365626812, 0.020403051748871803, 0.021505599841475487, 0.02260814607143402, 0.023710694164037704, 0.024813242256641388, 0.02591579034924507, 0.027018338441848755, 0.02812088467180729, 0.029223432764410973, 0.030325980857014656, 0.03142852708697319, 0.032531075179576874, 0.03363362327218056]}, "gradients/l1.bias": {"_type": "histogram", "values": [1.0, 0.0, 0.0, 0.0, 0.0, 0.0, 0.0, 0.0, 0.0, 0.0, 0.0, 0.0, 0.0, 1.0, 0.0, 0.0, 0.0, 0.0, 0.0, 0.0, 1.0, 0.0, 0.0, 1.0, 1.0, 4.0, 0.0, 2.0, 1.0, 6.0, 5.0, 205.0, 6.0, 9.0, 5.0, 2.0, 1.0, 3.0, 0.0, 0.0, 0.0, 1.0, 0.0, 0.0, 0.0, 0.0, 0.0, 0.0, 0.0, 0.0, 0.0, 0.0, 0.0, 0.0, 0.0, 0.0, 0.0, 0.0, 0.0, 0.0, 0.0, 0.0, 0.0, 1.0],