{"Accuracy": 0.005025643389672041, "Loss": 0.996777355670929, "Val Accuracy": 2.9734585285186768, "Val Loss": 0.6785714030265808, "_timestamp": 1652854048, "_runtime": 556, "_step": 0, "_wandb": {"runtime": 556}}