{"Accuracy": 0.014098136685788631, "Loss": 0.9948157668113708, "Val Accuracy": 1.1810641288757324, "Val Loss": 0.7247899174690247, "_timestamp": 1653009764, "_runtime": 76, "_step": 0, "_wandb": {"runtime": 76}}