{"gradients/l3.bias": {"_type": "histogram", "values": [0.0, 0.0, 0.0, 0.0, 0.0, 0.0, 0.0, 0.0, 0.0, 0.0, 0.0, 0.0, 0.0, 0.0, 0.0, 0.0, 0.0, 0.0, 0.0, 0.0, 0.0, 0.0, 0.0, 0.0, 0.0, 0.0, 0.0, 0.0, 0.0, 0.0, 0.0, 0.0, 1.0, 0.0, 0.0, 0.0, 0.0, 0.0, 0.0, 0.0, 0.0, 0.0, 0.0, 0.0, 0.0, 0.0, 0.0, 0.0, 0.0, 0.0, 0.0, 0.0, 0.0, 0.0, 0.0, 0.0, 0.0, 0.0, 0.0, 0.0, 0.0, 0.0, 0.0, 0.0], "bins": [-0.968550443649292, -0.968550443649292, -0.968550443649292, -0.968550443649292, -0.968550443649292, -0.968550443649292, -0.968550443649292, -0.968550443649292, -0.968550443649292, -0.968550443649292, -0.968550443649292, -0.968550443649292, -0.968550443649292, -0.968550443649292, -0.968550443649292, -0.968550443649292, -0.968550443649292, -0.968550443649292, -0.968550443649292, -0.968550443649292, -0.968550443649292, -0.968550443649292, -0.968550443649292, -0.968550443649292, -0.968550443649292, -0.968550443649292, -0.968550443649292, -0.968550443649292, -0.968550443649292, -0.968550443649292, -0.968550443649292, -0.968550443649292, -0.968550443649292, -0.968550443649292, -0.968550443649292, -0.968550443649292, -0.968550443649292, -0.968550443649292, -0.968550443649292, -0.968550443649292, -0.968550443649292, -0.968550443649292, -0.968550443649292, -0.968550443649292, -0.968550443649292, -0.968550443649292, -0.968550443649292, -0.968550443649292, -0.968550443649292, -0.968550443649292, -0.968550443649292, -0.968550443649292, -0.968550443649292, -0.968550443649292, -0.968550443649292, -0.968550443649292, -0.968550443649292, -0.968550443649292, -0.968550443649292, -0.968550443649292, -0.968550443649292, -0.968550443649292, -0.968550443649292, -0.968550443649292, -0.968550443649292]}, "_timestamp": 1652844726, "_runtime": 10, "gradients/l3.weight": {"_type": "histogram", "values": [2.0, 0.0, 0.0, 3.0, 0.0, 0.0, 0.0, 2.0, 1.0, 1.0, 0.0, 1.0, 1.0, 2.0, 3.0, 1.0, 2.0, 0.0, 2.0, 1.0, 2.0, 4.0, 4.0, 5.0, 4.0, 2.0, 2.0, 4.0, 3.0, 3.0, 3.0, 6.0, 3.0, 2.0, 1.0, 3.0, 3.0, 4.0, 3.0, 2.0, 2.0, 0.0, 3.0, 5.0, 4.0, 0.0, 4.0, 2.0, 3.0, 2.0, 4.0, 2.0, 2.0, 2.0, 2.0, 2.0, 3.0, 5.0, 0.0, 2.0, 1.0, 3.0, 4.0, 114.0], "bins": [-0.07018846273422241, -0.06909176707267761, -0.06799507141113281, -0.06689837574958801, -0.06580168008804321, -0.06470499187707901, -0.06360829621553421, -0.06251160055398941, -0.06141490489244461, -0.06031820923089981, -0.05922151356935501, -0.05812482163310051, -0.05702812597155571, -0.05593143031001091, -0.05483473837375641, -0.05373804271221161, -0.05264134705066681, -0.05154465138912201, -0.05044795572757721, -0.04935126379132271, -0.04825456812977791, -0.04715787246823311, -0.04606118053197861, -0.04496448487043381, -0.04386778920888901, -0.04277109354734421, -0.04167439788579941, -0.04057770594954491, -0.03948101028800011, -0.03838431462645531, -0.037287622690200806, -0.036190927028656006, -0.035094231367111206, -0.033997535705566406, -0.032900840044021606, -0.031804148107767105, -0.030707452446222305, -0.029610756784677505, -0.028514062985777855, -0.027417369186878204, -0.026320673525333405, -0.025223977863788605, -0.024127284064888954, -0.023030590265989304, -0.021933894604444504, -0.020837198942899704, -0.019740505144000053, -0.018643811345100403, -0.017547115683555603, -0.016450420022010803, -0.015353726223111153, -0.014257031492888927, -0.013160336762666702, -0.012063642032444477, -0.010966947302222252, -0.009870252572000027, -0.008773557841777802, -0.007676863111555576, -0.006580168381333351, -0.005483473651111126, -0.004386778920888901, -0.0032900841906666756, -0.0021933894604444504, -0.0010966947302222252, 0.0]}, "gradients/l2.bias": {"_type": "histogram", "values": [5.0, 2.0, 0.0, 2.0, 3.0, 1.0, 0.0, 2.0, 0.0, 3.0, 1.0, 3.0, 2.0, 2.0, 1.0, 2.0, 2.0, 2.0, 2.0, 2.0, 4.0, 3.0, 6.0, 2.0, 1.0, 3.0, 0.0, 1.0, 4.0, 4.0, 4.0, 3.0, 7.0, 113.0, 2.0, 3.0, 3.0, 3.0, 2.0, 0.0, 4.0, 2.0, 1.0, 2.0, 1.0, 3.0, 3.0, 4.0, 2.0, 0.0, 3.0, 4.0, 1.0, 0.0, 3.0, 1.0, 3.0, 2.0, 4.0, 2.0, 1.0, 3.0, 0.0, 2.0], "bins": [-0.06000681221485138, -0.05819764733314514, -0.056388482451438904, -0.054579317569732666, -0.05277015268802643, -0.05096098780632019, -0.04915182292461395, -0.047342658042907715, -0.04553349316120148, -0.04372432827949524, -0.041915163397789, -0.040105998516082764, -0.038296833634376526, -0.03648766875267029, -0.03467850387096405, -0.03286933898925781, -0.031060177832841873, -0.029251012951135635, -0.027441848069429398, -0.02563268318772316, -0.023823518306016922, -0.022014353424310684, -0.020205190405249596, -0.018396025523543358, -0.01658686064183712, -0.014777695760130882, -0.012968530878424644, -0.011159366928040981, -0.009350202046334743, -0.007541037164628506, -0.0057318732142448425, -0.003922708332538605, -0.002113543450832367, -0.0003043788019567728, 0.0015047858469188213, 0.003313950262963772, 0.00512311514467001, 0.006932280026376247, 0.00874144397675991, 0.010550608858466148, 0.012359773740172386, 0.014168938621878624, 0.015978103503584862, 0.01778726652264595, 0.019596431404352188, 0.021405596286058426, 0.023214761167764664, 0.0250239260494709, 0.02683309093117714, 0.028642255812883377, 0.030451420694589615, 0.03226058557629585, 0.03406975045800209, 0.03587891533970833, 0.03768807649612427, 0.039497241377830505, 0.04130640625953674, 0.04311557114124298, 0.04492473602294922, 0.04673390090465546, 0.048543065786361694, 0.05035223066806793, 0.05216139554977417, 0.05397056043148041, 0.055779725313186646]}, "gradients/l2.weight": {"_type": "histogram", "values": [9.0, 4.0, 1.0, 3.0, 5.0, 5.0, 10.0, 8.0, 14.0, 20.0, 7.0, 34.0, 36.0, 47.0, 50.0, 67.0, 69.0, 61.0, 104.0, 127.0, 155.0, 187.0, 208.0, 276.0, 304.0, 352.0, 475.0, 548.0, 708.0, 937.0, 1278.0, 2169.0, 4709.0, 44268.0, 2302.0, 1325.0, 943.0, 685.0, 556.0, 409.0, 361.0, 313.0, 282.0, 217.0, 181.0, 127.0, 105.0, 104.0, 82.0, 61.0, 59.0, 45.0, 29.0, 19.0, 20.0, 13.0, 11.0, 5.0, 11.0, 5.0, 3.0, 4.0, 1.0, 3.0], "bins": [-0.002879726467654109, -0.0027929237112402916, -0.002706120954826474, -0.002619318198412657, -0.002532515674829483, -0.0024457129184156656, -0.0023589101620018482, -0.002272107405588031, -0.0021853046491742134, -0.002098501892760396, -0.0020116991363465786, -0.001924896496348083, -0.0018380937399342656, -0.00175129109993577, -0.0016644883435219526, -0.0015776855871081352, -0.0014908829471096396, -0.0014040801906958222, -0.0013172775506973267, -0.0012304747942835093, -0.0011436720378696918, -0.0010568692814558744, -0.0009700666414573789, -0.0008832638850435615, -0.000796461186837405, -0.0007096584886312485, -0.0006228557322174311, -0.0005360530340112746, -0.00044925030670128763, -0.0003624475793913007, -0.0002756448811851442, -0.00018884212477132678, -0.00010203942656517029, -1.5236706531140953e-05, 7.156601350288838e-05, 0.0001583687262609601, 0.00024517145357094705, 0.000331974180880934, 0.0004187768790870905, 0.0005055796355009079, 0.0005923823337070644, 0.0006791850319132209, 0.0007659877883270383, 0.0008527904865331948, 0.0009395931847393513, 0.0010263959411531687, 0.001113198697566986, 0.0012000014539808035, 0.001286804093979299, 0.0013736068503931165, 0.001460409490391612, 0.0015472122468054295, 0.0016340150032192469, 0.0017208177596330643, 0.0018076203996315598, 0.0018944231560453773, 0.001981225796043873, 0.0020680285524576902, 0.0021548313088715076, 0.0022416338324546814, 0.002328436588868499, 0.002415239345282316, 0.0025020421016961336, 0.002588844858109951, 0.0026756476145237684]}, "_step": 0, "_wandb": {"runtime": 10}}