{"Accuracy": 0.016061270609498024, "Loss": 0.994535505771637, "Val Accuracy": 1.1995726823806763, "Val Loss": 0.7268907427787781, "_timestamp": 1653008382, "_runtime": 76, "_step": 0, "_wandb": {"runtime": 77}}